Node1,Node2,Co-occurrence,Strength,NetworkPass1,Order,NetworkPass2Node1,NetworkPass2Node2,,,,
Statistics,MsOffice,5,0.001866786,0,0,0,0,,,Co-occurrence Threshold,10
R,BigData,4,1.64E-04,0,0,0,0,,,Pass1link,3
VBA,jQuery,3,0.009615385,0,0,0,0,,,Pass2link,5
DataConversion,UnitTesting,2,0.5,0,0,0,0,,,,
DataMining,Oracle,1,0.006802721,0,0,0,0,,,,
SQL,MsAccess,4,0.001169591,0,0,0,0,,,,
Assurance,Reporting,14,1.10E-04,6,2,0,0,,,,
SPSS,Python,2,4.21E-04,0,0,0,0,,,,
Assurance,EDI,4,0.001724138,0,0,0,0,,,,
R,C++,1,9.58E-05,0,0,0,0,,,,
Marketing,Architect,4,3.37E-05,0,0,0,0,,,,
Windows,R,2,1.28E-04,0,0,0,0,,,,
Oracle,Spring,1,0.00255102,0,0,0,0,,,,
BusinessIntelligence,SSRS,1,1.33E-04,0,0,0,0,,,,
Statistics,ProductManagement,1,0.005376344,0,0,0,0,,,,
DataWarehouse,Pentaho,1,0.00154321,0,0,0,0,,,,
WebAnalytics,SPSS,7,6.25E-04,0,0,0,0,,,,
Math,MachineLearning,2,0.044444446,0,0,0,0,,,,
Windows,ActiveDirectory,2,0.055555556,0,0,0,0,,,,
WebAnalytics,jQuery,4,0.004489338,0,0,0,0,,,,
React,CommandLine,1,0.333333343,0,0,0,0,,,,
Tableau,ETL,2,4.63E-04,0,0,0,0,,,,
MySQL,DataVisualization,1,0.5,0,0,0,0,,,,
BigData,DataScience,1,0.001488095,0,0,0,0,,,,
Design,SaaS,1,3.96E-05,0,0,0,0,,,,
Analytics,Architect,4,7.16E-05,0,0,0,0,,,,
GO,JavaScript,3,0.001041667,0,0,0,0,,,,
React,REST,1,0.166666672,0,0,0,0,,,,
Design,MATLAB,4,3.16E-04,0,0,0,0,,,,
Python,jQuery,1,0.002314815,0,0,0,0,,,,
CRM,Pentaho,1,1.23E-04,0,0,0,0,,,,
SPSS,VBA,7,0.002379565,0,0,0,0,,,,
ProjectManagement,CSS,1,0.001461988,0,0,0,0,,,,
R,DataScience,1,1.92E-04,0,0,0,0,,,,
CRM,DataWarehouse,3,2.45E-04,0,0,0,0,,,,
BusinessIntelligence,Database,3,2.36E-05,0,0,0,0,,,,
Excel,Cloud,1,3.94E-05,0,0,0,0,,,,
Statistics,Tools,2,5.97E-04,0,0,0,0,,,,
WebAnalytics,VBA,4,6.91E-04,0,0,0,0,,,,
Marketing,Analytics,46,4.04E-05,0,0,0,0,,,,
SQL,Pig,1,3.65E-04,0,0,0,0,,,,
Marketing,Visio,4,1.01E-04,0,0,0,0,,,,
SPSS,jQuery,3,0.002840909,0,0,0,0,,,,
MapReduce,Hadoop,2,0.028571429,0,0,0,0,,,,
SAS,Analysis,43,7.40E-05,0,0,0,0,,,,
GO,Network,5,2.45E-04,0,0,0,0,,,,
Analysis,CustomerSupport,4,2.68E-05,0,0,0,0,,,,
Programming,Solaris,1,0.005263158,0,0,0,0,,,,
Cloud,Hardware,2,0.007936508,0,0,0,0,,,,
Design,Cassandra,1,3.96E-04,0,0,0,0,,,,
Monitoring,Finance,9,2.79E-05,0,0,0,0,,,,
Reporting,EDI,5,3.27E-04,0,0,0,0,,,,
C,Analysis,12,7.34E-05,0,0,0,0,,,,
Development,LeSS,2,9.16E-05,0,0,0,0,,,,
ComputerScience,Couchbase,1,0.020833334,0,0,0,0,,,,
WebAnalytics,Python,1,9.35E-05,0,0,0,0,,,,
SAS,C,5,3.71E-05,0,0,0,0,,,,
Analytic,DataDriven,1,2.96E-04,0,0,0,0,,,,
REST,CommandLine,1,0.5,0,0,0,0,,,,
BusinessIntelligence,Oracle,5,6.10E-04,0,0,0,0,,,,
Analytics,DataWarehouse,4,5.97E-05,0,0,0,0,,,,
Statistics,R,13,0.00208874,2,1,0,0,,,,
Programming,Math,1,8.77E-04,0,0,0,0,,,,
Analytic,D3,1,2.96E-04,0,0,0,0,,,,
ETL,OLAP,1,0.005208333,0,0,0,0,,,,
SQL,DataManagement,3,7.48E-05,0,0,0,0,,,,
BusinessIntelligence,GO,4,1.06E-04,0,0,0,0,,,,
Marketing,CRM,19,5.03E-05,7,3,0,0,,,,
SPSS,Finance,1,7.11E-07,0,0,0,0,,,,
Agile,Developer,2,1.30E-04,0,0,0,0,,,,
Reporting,Scrum,1,1.63E-05,0,0,0,0,,,,
Windows,MsOffice,1,1.93E-04,0,0,0,0,,,,
SPSS,Monitoring,6,2.51E-04,0,0,0,0,,,,
ProductManagement,BigData,1,0.004464286,0,0,0,0,,,,
Visio,DataWarehouse,1,0.001234568,0,0,0,0,,,,
Assurance,HTTP,1,0.001077586,0,0,0,0,,,,
Marketing,DataWarehouse,3,1.58E-05,0,0,0,0,,,,
React,ComputerScience,1,0.006944444,0,0,0,0,,,,
GO,Database,6,4.40E-04,0,0,0,0,,,,
Excel,SharePoint,2,4.13E-05,0,0,0,0,,,,
Tools,R,6,5.75E-04,0,0,0,0,,,,
Development,Analytic,35,4.97E-05,0,0,0,0,,,,
Database,Network,6,1.40E-04,0,0,0,0,,,,
Finance,jQuery,1,1.56E-05,0,0,0,0,,,,
Excel,MATLAB,4,6.61E-04,0,0,0,0,,,,
Statistics,DataScience,1,0.001792115,0,0,0,0,,,,
Tools,ActiveDirectory,1,0.006944444,0,0,0,0,,,,
CSS,Hadoop,1,0.004761905,0,0,0,0,,,,
Analytics,CRM,14,5.81E-05,7,2,0,0,,,,
Database,Oracle,2,1.79E-04,0,0,0,0,,,,
Monitoring,jQuery,3,0.001378677,0,0,0,0,,,,
Agile,UserInterface,1,0.003496503,0,0,0,0,,,,
Analytic,LeSS,1,4.93E-05,0,0,0,0,,,,
StatisticalAnalysis,Math,2,0.008547009,0,0,0,0,,,,
SQL,ApacheSpark,1,3.65E-04,0,0,0,0,,,,
Finance,VBA,5,6.01E-05,0,0,0,0,,,,
StatisticalAnalysis,MachineLearning,2,0.003418803,0,0,0,0,,,,
Tableau,OLAP,1,0.005555556,0,0,0,0,,,,
Monitoring,VBA,8,0.001508296,0,0,0,0,,,,
Database,DataMining,1,7.33E-04,0,0,0,0,,,,
ProjectManagement,RiskManagement,1,2.09E-05,0,0,0,0,,,,
BusinessIntelligence,JavaScript,3,2.24E-04,0,0,0,0,,,,
Marketing,Pentaho,1,7.89E-06,0,0,0,0,,,,
DataWarehouse,Architect,3,0.003703704,0,0,0,0,,,,
Adobe,ComputerScience,1,2.08E-04,0,0,0,0,,,,
Finance,ReportingServices,1,1.88E-04,0,0,0,0,,,,
Tools,Windows,2,0.00154321,0,0,0,0,,,,
WebAnalytics,Monitoring,3,5.57E-05,0,0,0,0,,,,
Analyst,C,22,7.81E-05,0,0,0,0,,,,
WebAnalytics,Finance,2,2.53E-06,0,0,0,0,,,,
MsOffice,R,5,2.00E-04,0,0,0,0,,,,
Monitoring,S3,2,0.00245098,0,0,0,0,,,,
Modeling,Visualization,1,0.016666668,0,0,0,0,,,,
ComputerScience,CommandLine,1,0.020833334,0,0,0,0,,,,
Statistics,BigData,2,3.84E-04,0,0,0,0,,,,
Developer,HTML,1,3.09E-04,0,0,0,0,,,,
Analyst,CustomerSupport,7,2.60E-05,0,0,0,0,,,,
Assurance,Scrum,2,5.39E-04,0,0,0,0,,,,
CRM,Architect,3,2.94E-04,0,0,0,0,,,,
Finance,Python,1,5.21E-06,0,0,0,0,,,,
Analytics,Pentaho,4,2.69E-04,0,0,0,0,,,,
SAS,Analyst,51,3.30E-05,0,0,0,0,,,,
Excel,Design,40,5.23E-04,0,0,0,0,,,,
Database,UML,1,0.001098901,0,0,0,0,,,,
Analyst,Analysis,151,9.92E-05,0,0,0,0,,,,
R,ProductManagement,1,5.75E-04,0,0,0,0,,,,
ProjectManagement,Hadoop,1,6.27E-05,0,0,0,0,,,,
Reporting,RDBMS,1,2.61E-04,0,0,0,0,,,,
ComputerScience,REST,1,0.010416667,0,0,0,0,,,,
BusinessIntelligence,Spring,1,1.49E-04,0,0,0,0,,,,
Tableau,BusinessObjects,1,2.31E-04,0,0,0,0,,,,
Programming,GIS,1,0.001754386,0,0,0,0,,,,
Excel,Salesforce,1,4.13E-04,0,0,0,0,,,,
SQL,CRM,12,7.74E-05,0,0,0,0,,,,
PHP,jQuery,3,0.1875,0,0,0,0,,,,
SPSS,ProjectManagement,5,4.15E-04,0,0,0,0,,,,
GO,SSIS,1,6.17E-04,0,0,0,0,,,,
Marketing,DataManagement,2,8.61E-06,0,0,0,0,,,,
Excel,EDI,4,6.61E-04,0,0,0,0,,,,
BusinessIntelligence,MySQL,1,5.97E-04,0,0,0,0,,,,
Excel,Reporting,54,6.30E-04,0,0,0,0,,,,
Analyst,Tools,8,3.30E-05,0,0,0,0,,,,
UX,UI,1,0.100000001,0,0,0,0,,,,
UserInterface,UML,1,0.25,0,0,0,0,,,,
Analytic,Adobe,7,1.45E-04,0,0,0,0,,,,
Analytics,ApacheSpark,1,2.01E-04,0,0,0,0,,,,
SAS,C++,1,2.85E-05,0,0,0,0,,,,
Finance,DatabaseDesign,1,6.25E-05,0,0,0,0,,,,
SQL,DataWarehouse,5,1.69E-04,0,0,0,0,,,,
Analysis,BigData,4,1.67E-05,0,0,0,0,,,,
Analytic,CommandLine,1,2.96E-04,0,0,0,0,,,,
SAS,BigData,4,4.88E-05,0,0,0,0,,,,
C,Windows,1,1.21E-04,0,0,0,0,,,,
Analytics,DataManagement,3,4.12E-05,0,0,0,0,,,,
Analysis,C++,1,9.77E-06,0,0,0,0,,,,
WebAnalytics,CSS,1,0.001122335,0,0,0,0,,,,
Developer,JavaScript,1,9.65E-05,0,0,0,0,,,,
Analysis,Windows,1,3.26E-06,0,0,0,0,,,,
Solaris,ETL,1,0.010416667,0,0,0,0,,,,
SPSS,PHP,3,0.008522728,0,0,0,0,,,,
Analyst,Statistics,28,3.13E-04,0,0,0,0,,,,
Reporting,Cloud,1,1.24E-05,0,0,0,0,,,,
Analytic,REST,1,1.48E-04,0,0,0,0,,,,
C,C++,2,0.001449275,0,0,0,0,,,,
Windows,CustomerSupport,1,3.97E-04,0,0,0,0,,,,
CSS,Python,1,0.009259259,0,0,0,0,,,,
Programming,ETL,1,5.48E-05,0,0,0,0,,,,
Database,MySQL,1,0.001098901,0,0,0,0,,,,
Analysis,SoftwareEngineering,1,5.86E-05,0,0,0,0,,,,
SAS,R,18,1.27E-04,0,0,0,0,,,,
StatisticalAnalysis,Tableau,5,0.003561254,0,0,0,0,,,,
Agile,Database,7,7.53E-04,0,0,0,0,,,,
Analytics,.Net,1,2.01E-04,0,0,0,0,,,,
WebAnalytics,PHP,3,0.007575758,0,0,0,0,,,,
R,CustomerSupport,1,1.64E-05,0,0,0,0,,,,
Shell,DataWarehouse,1,0.018518519,0,0,0,0,,,,
Analyst,ProductManagement,2,7.42E-05,0,0,0,0,,,,
Hadoop,Hive,2,0.028571429,0,0,0,0,,,,
Analysis,R,20,5.39E-05,0,0,0,0,,,,
BusinessObjects,ETL,1,2.17E-04,0,0,0,0,,,,
RiskManagement,Finance,6,3.22E-05,0,0,0,0,,,,
SQL,Pentaho,3,2.74E-04,0,0,0,0,,,,
C,R,5,1.25E-04,0,0,0,0,,,,
Monitoring,RiskManagement,4,1.40E-04,0,0,0,0,,,,
ProjectManagement,VBA,6,0.002024292,0,0,0,0,,,,
Analyst,MsOffice,23,1.36E-04,5,3,0,0,,,,
C,ActiveDirectory,1,0.002173913,0,0,0,0,,,,
VBA,PHP,3,0.028846154,0,0,0,0,,,,
Development,ComputerScience,3,2.58E-05,0,0,0,0,,,,
BusinessIntelligence,RelationalDatabase,3,7.17E-04,0,0,0,0,,,,
CSS,jQuery,1,0.027777778,0,0,0,0,,,,
Analysis,DataScience,1,1.95E-05,0,0,0,0,,,,
Finance,Hadoop,3,2.41E-05,0,0,0,0,,,,
Analytic,React,1,9.85E-05,0,0,0,0,,,,
SAS,DataScience,1,5.69E-05,0,0,0,0,,,,
Excel,Assurance,12,2.56E-04,0,0,0,0,,,,
GO,Developer,3,2.31E-04,0,0,0,0,,,,
Design,Scrum,2,9.89E-05,0,0,0,0,,,,
Network,Developer,1,8.17E-06,0,0,0,0,,,,
MapReduce,Hive,1,0.25,0,0,0,0,,,,
Database,DataVisualization,1,0.002197802,0,0,0,0,,,,
Analyst,PerformanceTesting,1,3.71E-05,0,0,0,0,,,,
Analysis,Tools,7,7.98E-05,0,0,0,0,,,,
Database,UserInterface,1,0.001098901,0,0,0,0,,,,
Excel,RDBMS,1,8.26E-04,0,0,0,0,,,,
Agile,Network,5,3.08E-04,0,0,0,0,,,,
Design,EDI,4,3.16E-04,0,0,0,0,,,,
Analyst,Troubleshooting,1,3.71E-05,0,0,0,0,,,,
Reporting,Design,36,1.34E-04,0,0,0,0,,,,
Network,RelationalDatabase,1,1.18E-04,0,0,0,0,,,,
SAS,Tools,6,1.71E-04,0,0,0,0,,,,
Marketing,MsAccess,1,1.89E-05,0,0,0,0,,,,
Agile,GO,2,1.55E-04,0,0,0,0,,,,
BusinessIntelligence,Developer,1,5.53E-06,0,0,0,0,,,,
Administrator,C+,1,0.005882353,0,0,0,0,,,,
SSRS,SSIS,2,0.049382716,0,0,0,0,,,,
GO,Security,2,6.17E-04,0,0,0,0,,,,
SQL,Architect,3,7.31E-05,0,0,0,0,,,,
Prototype,Modeling,1,0.008333334,0,0,0,0,,,,
SPSS,Hadoop,1,5.41E-05,0,0,0,0,,,,
Tableau,Math,3,0.016666668,0,0,0,0,,,,
Hadoop,jQuery,1,0.001190476,0,0,0,0,,,,
Analytic,ComputerScience,7,3.02E-04,0,0,0,0,,,,
Analyst,Windows,6,3.71E-05,0,0,0,0,,,,
Analysis,Statistics,22,6.10E-04,0,0,0,0,,,,
Cloud,RDBMS,1,0.047619049,0,0,0,0,,,,
Finance,CSS,1,6.25E-05,0,0,0,0,,,,
Analyst,SoftwareEngineering,1,1.86E-05,0,0,0,0,,,,
BusinessObjects,OLAP,1,0.010416667,0,0,0,0,,,,
SAS,Statistics,18,0.001189847,2,3,0,0,,,,
HTML,JavaScript,3,0.0125,0,0,0,0,,,,
Analyst,BigData,5,8.28E-06,0,0,0,0,,,,
DataManagement,Pentaho,1,0.001893939,0,0,0,0,,,,
Analyst,C++,3,2.78E-05,0,0,0,0,,,,
Assurance,SharePoint,1,2.69E-05,0,0,0,0,,,,
Visio,Shell,1,0.06666667,0,0,0,0,,,,
C,Statistics,3,4.21E-04,0,0,0,0,,,,
Database,Developer,3,9.16E-05,0,0,0,0,,,,
Analytic,Couchbase,1,2.96E-04,0,0,0,0,,,,
DataManagement,DataWarehouse,1,4.21E-04,0,0,0,0,,,,
MsOffice,CustomerSupport,2,3.97E-04,0,0,0,0,,,,
SAS,MsOffice,8,1.52E-04,0,0,0,0,,,,
SQL,Analytics,40,1.18E-04,0,0,0,0,,,,
Database,Swift,1,7.33E-04,0,0,0,0,,,,
Analysis,MsOffice,12,1.17E-04,5,2,0,0,,,,
Monitoring,PHP,3,0.00413603,0,0,0,0,,,,
SQL,Visio,5,6.09E-04,0,0,0,0,,,,
Analyst,ActiveDirectory,2,7.42E-05,0,0,0,0,,,,
SAS,ProductManagement,1,1.71E-04,0,0,0,0,,,,
Development,Adobe,4,2.20E-05,0,0,0,0,,,,
Agile,UML,2,0.013986014,0,0,0,0,,,,
Reporting,MATLAB,3,1.18E-04,0,0,0,0,,,,
Analyst,R,28,3.34E-05,0,0,0,0,,,,
Reporting,SharePoint,2,1.31E-05,0,0,0,0,,,,
Analysis,ProductManagement,2,2.34E-04,0,0,0,0,,,,
Assurance,Design,8,5.46E-05,0,0,0,0,,,,
Analytics,Pig,1,2.01E-04,0,0,0,0,,,,
Analysis,PerformanceTesting,1,1.17E-04,0,0,0,0,,,,
SQL,Marketing,39,5.26E-05,0,0,0,0,,,,
Design,Networking,1,1.32E-04,0,0,0,0,,,,
Tableau,MachineLearning,2,0.002962963,0,0,0,0,,,,
BusinessIntelligence,SSIS,2,5.31E-04,0,0,0,0,,,,
WebAnalytics,Hadoop,1,4.81E-05,0,0,0,0,,,,
Monitoring,ProjectManagement,11,9.76E-04,0,0,0,0,,,,
ProjectManagement,Finance,6,2.96E-05,0,0,0,0,,,,
Analyst,DataScience,1,6.18E-06,0,0,0,0,,,,
Python,Hadoop,1,3.97E-04,0,0,0,0,,,,
RiskManagement,VBA,4,9.77E-04,0,0,0,0,,,,
Analytics,FinTech,1,6.72E-05,0,0,0,0,,,,
WebAnalytics,Tools,3,4.21E-04,0,0,0,0,,,,
Statistics,VBA,4,0.00220568,0,0,0,0,,,,
BigData,Hive,1,0.004464286,0,0,0,0,,,,
DataMining,Pentaho,1,0.027777778,0,0,0,0,,,,
Excel,T-SQL,1,8.26E-04,0,0,0,0,,,,
Analytic,MachineLearning,3,1.77E-04,0,0,0,0,,,,
Analysis,Hudson,1,2.34E-05,0,0,0,0,,,,
C,SoftwareDevelopment,1,4.83E-04,0,0,0,0,,,,
BusinessIntelligence,Visio,7,0.003902828,0,0,0,0,,,,
Oracle,DataWarehouse,4,0.006046863,0,0,0,0,,,,
Tools,Python,2,0.00154321,0,0,0,0,,,,
Scrum,Prototype,1,0.03125,0,0,0,0,,,,
Analytics,BusinessIntelligence,16,6.16E-05,0,0,0,0,,,,
Marketing,Database,15,4.68E-05,0,0,0,0,,,,
Design,DataAnalysis,2,6.59E-05,0,0,0,0,,,,
Excel,Automation,3,1.77E-04,0,0,0,0,,,,
Developer,Shell,1,0.00462963,0,0,0,0,,,,
Database,Visio,4,0.002344322,0,0,0,0,,,,
Marketing,FinTech,1,3.16E-05,0,0,0,0,,,,
Development,BusinessObjects,4,4.58E-05,0,0,0,0,,,,
Tools,VBA,4,0.002849003,0,0,0,0,,,,
MATLAB,Visualization,1,0.050000001,0,0,0,0,,,,
Analysis,DatabaseDesign,3,3.52E-04,0,0,0,0,,,,
Finance,BigData,5,4.19E-05,0,0,0,0,,,,
Statistics,Python,2,0.001194743,0,0,0,0,,,,
Excel,UX,1,8.26E-05,0,0,0,0,,,,
SQL,SSIS,3,3.65E-04,0,0,0,0,,,,
Design,XML,3,3.96E-04,0,0,0,0,,,,
Marketing,BusinessIntelligence,14,2.22E-05,0,0,0,0,,,,
GO,CRM,2,3.27E-05,0,0,0,0,,,,
Analyst,CSS,3,1.11E-04,0,0,0,0,,,,
SQL,Swift,2,4.87E-04,0,0,0,0,,,,
Analytics,Database,4,7.08E-06,0,0,0,0,,,,
CRM,Oracle,3,2.70E-04,0,0,0,0,,,,
Windows,Finance,2,2.08E-05,0,0,0,0,,,,
SPSS,MsOffice,2,1.05E-04,0,0,0,0,,,,
CRM,Network,2,1.04E-05,0,0,0,0,,,,
Analytics,AgileProjectManagement,1,2.01E-04,0,0,0,0,,,,
Tableau,ComputerScience,2,9.26E-04,0,0,0,0,,,,
Monitoring,R,8,1.35E-04,0,0,0,0,,,,
C,RiskManagement,2,8.28E-05,0,0,0,0,,,,
Finance,R,8,1.38E-05,0,0,0,0,,,,
Programming,LeSS,1,8.77E-04,0,0,0,0,,,,
BusinessIntelligence,Architect,4,4.25E-04,0,0,0,0,,,,
Reporting,Waterfall,2,5.23E-04,0,0,0,0,,,,
Finance,ActiveDirectory,1,9.38E-05,0,0,0,0,,,,
Tools,jQuery,3,0.010416667,0,0,0,0,,,,
SQL,Developer,3,1.52E-05,0,0,0,0,,,,
Analyst,PHP,4,1.48E-04,0,0,0,0,,,,
SAS,MapReduce,1,1.71E-04,0,0,0,0,,,,
SPSS,Statistics,8,0.002606712,0,0,0,0,,,,
Development,Programming,12,1.04E-04,0,0,0,0,,,,
SAS,RiskManagement,5,4.07E-05,0,0,0,0,,,,
Analysis,RiskManagement,7,2.73E-05,0,0,0,0,,,,
Analysis,MapReduce,2,2.34E-04,0,0,0,0,,,,
Analytic,SDK,1,2.96E-04,0,0,0,0,,,,
Development,StatisticalAnalysis,9,1.43E-04,0,0,0,0,,,,
SAS,Hadoop,4,7.81E-05,0,0,0,0,,,,
Oracle,Pentaho,1,0.00170068,0,0,0,0,,,,
Analyst,ProjectManagement,35,1.99E-04,0,0,0,0,,,,
R,Hive,2,0.002298851,0,0,0,0,,,,
Finance,DataScience,1,3.13E-05,0,0,0,0,,,,
CRM,JavaScript,1,3.06E-05,0,0,0,0,,,,
Analytics,SSRS,1,2.24E-05,0,0,0,0,,,,
Excel,Modeling,1,1.38E-05,0,0,0,0,,,,
Agile,SoftwareDesign,1,0.006993007,0,0,0,0,,,,
Analysis,Hadoop,3,1.51E-05,0,0,0,0,,,,
CRM,UML,1,7.35E-04,0,0,0,0,,,,
GO,Pentaho,1,4.63E-04,0,0,0,0,,,,
DataMining,DataWarehouse,1,0.00617284,0,0,0,0,,,,
SQL,UserInterface,1,1.83E-04,0,0,0,0,,,,
SPSS,Tools,5,0.001315236,0,0,0,0,,,,
Analytic,Java,3,2.96E-04,0,0,0,0,,,,
Analytic,Math,3,4.43E-04,0,0,0,0,,,,
Analyst,SoftwareDevelopment,3,3.71E-05,0,0,0,0,,,,
R,jQuery,4,0.001532567,0,0,0,0,,,,
Statistics,Hive,1,0.005376344,0,0,0,0,,,,
Analytics,Spring,1,2.52E-05,0,0,0,0,,,,
Excel,DataAnalysis,4,5.51E-04,0,0,0,0,,,,
Assurance,Prototype,1,0.001077586,0,0,0,0,,,,
VBA,C++,2,0.004273504,0,0,0,0,,,,
Tools,Finance,1,2.61E-06,0,0,0,0,,,,
Marketing,JavaScript,6,7.10E-05,0,0,0,0,,,,
BusinessIntelligence,Pentaho,2,3.98E-04,0,0,0,0,,,,
Monitoring,Tools,3,2.30E-04,0,0,0,0,,,,
Marketing,UML,1,4.73E-05,0,0,0,0,,,,
SPSS,DataScience,1,6.31E-04,0,0,0,0,,,,
Programming,Analytic,10,1.56E-04,0,0,0,0,,,,
Analyst,Hudson,1,7.42E-06,0,0,0,0,,,,
Analytics,DataMining,1,6.72E-05,0,0,0,0,,,,
Network,Architect,1,3.92E-05,0,0,0,0,,,,
SAS,CSS,1,1.14E-04,0,0,0,0,,,,
Database,Pentaho,1,1.83E-04,0,0,0,0,,,,
Math,LeSS,1,0.027777778,0,0,0,0,,,,
Analytic,StatisticalAnalysis,7,1.86E-04,0,0,0,0,,,,
Marketing,Spring,1,1.18E-05,0,0,0,0,,,,
Oracle,Architect,3,0.004081632,0,0,0,0,,,,
WebAnalytics,BigData,1,3.01E-05,0,0,0,0,,,,
Statistics,Monitoring,6,7.12E-04,0,0,0,0,,,,
Analytics,JavaScript,6,1.51E-04,0,0,0,0,,,,
Excel,XML,3,8.26E-04,0,0,0,0,,,,
Modeling,MATLAB,2,0.003333333,0,0,0,0,,,,
GO,Architect,1,1.23E-04,0,0,0,0,,,,
DataScience,jQuery,1,0.013888889,0,0,0,0,,,,
Statistics,Finance,6,7.26E-05,0,0,0,0,,,,
Analysis,CSS,2,1.56E-04,0,0,0,0,,,,
Python,BigData,1,2.48E-04,0,0,0,0,,,,
SQL,Agile,7,1.25E-04,0,0,0,0,,,,
VBA,Troubleshooting,1,0.012820513,0,0,0,0,,,,
Design,Automation,1,9.42E-06,0,0,0,0,,,,
Development,Math,4,3.66E-04,0,0,0,0,,,,
SPSS,R,11,5.27E-04,0,0,0,0,,,,
Analyst,DatabaseDesign,3,1.11E-04,0,0,0,0,,,,
SQL,RelationalDatabase,4,3.90E-04,0,0,0,0,,,,
Development,Java,3,1.37E-04,0,0,0,0,,,,
MsOffice,Finance,5,3.26E-05,0,0,0,0,,,,
Assurance,ARM,1,7.18E-04,0,0,0,0,,,,
Analysis,PHP,3,2.64E-04,0,0,0,0,,,,
Monitoring,MsOffice,3,1.15E-04,0,0,0,0,,,,
SAS,PHP,3,7.68E-04,0,0,0,0,,,,
Analyst,MapReduce,2,7.42E-05,0,0,0,0,,,,
Analyst,RiskManagement,13,2.99E-05,0,0,0,0,,,,
Development,MachineLearning,2,3.66E-05,0,0,0,0,,,,
WebAnalytics,R,4,6.19E-05,0,0,0,0,,,,
SQL,HTML,1,2.44E-05,0,0,0,0,,,,
SPSS,BigData,1,3.38E-05,0,0,0,0,,,,
BusinessIntelligence,CRM,3,1.58E-05,0,0,0,0,,,,
Finance,ProductManagement,1,9.38E-05,0,0,0,0,,,,
Unix,ETL,1,0.010416667,0,0,0,0,,,,
Marketing,GO,8,3.37E-05,0,0,0,0,,,,
Database,DataWarehouse,1,4.07E-05,0,0,0,0,,,,
R,Python,3,2.87E-04,0,0,0,0,,,,
MsAccess,RelationalDatabase,1,0.013333334,0,0,0,0,,,,
Marketing,Oracle,5,4.83E-05,0,0,0,0,,,,
DataManagement,Swift,2,0.030303031,0,0,0,0,,,,
Marketing,Network,8,1.07E-05,0,0,0,0,,,,
Analytic,BusinessObjects,5,1.54E-04,0,0,0,0,,,,
WebAnalytics,DataScience,1,5.61E-04,0,0,0,0,,,,
Visio,Network,5,0.002939447,0,0,0,0,,,,
C,ProjectManagement,5,4.77E-04,0,0,0,0,,,,
VBA,R,8,9.43E-04,0,0,0,0,,,,
BigData,jQuery,1,7.44E-04,0,0,0,0,,,,
Reporting,Prototype,1,1.31E-04,0,0,0,0,,,,
GO,Visio,2,0.001481481,0,0,0,0,,,,
Automation,SharePoint,1,2.98E-04,0,0,0,0,,,,
Excel,Visualization,1,8.26E-04,0,0,0,0,,,,
SAS,ProjectManagement,9,1.21E-04,0,0,0,0,,,,
Adobe,Tableau,2,4.44E-04,0,0,0,0,,,,
Analytics,GO,8,7.16E-05,0,0,0,0,,,,
Python,DataScience,1,0.00462963,0,0,0,0,,,,
ProjectManagement,CustomerSupport,4,0.001002506,0,0,0,0,,,,
Design,Modeling,1,6.59E-06,0,0,0,0,,,,
CRM,Database,3,2.91E-05,0,0,0,0,,,,
Analytics,Oracle,6,1.48E-04,0,0,0,0,,,,
BusinessIntelligence,DataWarehouse,4,3.54E-04,0,0,0,0,,,,
Analyst,Hadoop,3,4.77E-06,0,0,0,0,,,,
Analysis,ProjectManagement,30,4.63E-04,0,0,0,0,,,,
Analytics,Network,4,5.68E-06,0,0,0,0,,,,
Development,C+,1,1.37E-04,0,0,0,0,,,,
Excel,BusinessAnalytic,3,0.002479339,0,0,0,0,,,,
Adobe,Java,3,0.01,0,0,0,0,,,,
Development,Administrator,6,2.91E-05,0,0,0,0,,,,
Developer,DataWarehouse,1,8.57E-05,0,0,0,0,,,,
Development,ETL,3,1.29E-05,0,0,0,0,,,,
SQL,UML,1,1.83E-04,0,0,0,0,,,,
Marketing,DataVisualization,1,9.47E-05,0,0,0,0,,,,
Analyst,SPSS,18,4.55E-05,0,0,0,0,,,,
Agile,Visio,4,0.007459207,0,0,0,0,,,,
SQL,JavaScript,4,1.22E-04,0,0,0,0,,,,
Design,Prototype,2,7.91E-04,0,0,0,0,,,,
Reporting,Modeling,2,1.74E-05,0,0,0,0,,,,
MapReduce,BigData,1,0.004464286,0,0,0,0,,,,
Analytics,Agile,1,1.41E-06,0,0,0,0,,,,
CRM,UserInterface,1,7.35E-04,0,0,0,0,,,,
RiskManagement,C++,2,0.001587302,0,0,0,0,,,,
Analytics,RelationalDatabase,4,2.15E-04,0,0,0,0,,,,
CSS,ProductManagement,1,0.166666672,0,0,0,0,,,,
SQL,Spring,1,4.57E-05,0,0,0,0,,,,
Adobe,SDK,1,0.01,0,0,0,0,,,,
Hadoop,BigData,4,0.002040816,0,0,0,0,,,,
Tools,PHP,3,0.03125,0,0,0,0,,,,
CRM,Developer,1,6.81E-06,0,0,0,0,,,,
RiskManagement,Troubleshooting,1,0.004761905,0,0,0,0,,,,
Marketing,Security,2,1.05E-05,0,0,0,0,,,,
Statistics,ProjectManagement,5,0.001179023,0,0,0,0,,,,
Analyst,jQuery,4,4.95E-05,0,0,0,0,,,,
GO,MsAccess,1,0.001111111,0,0,0,0,,,,
Marketing,Agile,6,2.38E-05,0,0,0,0,,,,
Excel,Waterfall,2,0.001652893,0,0,0,0,,,,
SQL,DataMining,1,1.22E-04,0,0,0,0,,,,
Marketing,RelationalDatabase,4,1.01E-04,0,0,0,0,,,,
Analyst,ReportingServices,1,3.71E-05,0,0,0,0,,,,
Design,ARM,2,5.27E-04,0,0,0,0,,,,
SAS,Hive,1,1.71E-04,0,0,0,0,,,,
Analysis,Hive,1,5.86E-05,0,0,0,0,,,,
Agile,Architect,1,1.55E-04,0,0,0,0,,,,
Marketing,HTML,4,1.01E-04,0,0,0,0,,,,
Marketing,MySQL,1,4.73E-05,0,0,0,0,,,,
ProjectManagement,ProductManagement,1,0.002192982,0,0,0,0,,,,
R,Hadoop,3,1.48E-04,0,0,0,0,,,,
Development,Tableau,7,7.48E-05,0,0,0,0,,,,
Development,CVS,4,4.40E-04,0,0,0,0,,,,
Prototype,MATLAB,1,0.025,0,0,0,0,,,,
SQL,GO,13,3.43E-04,0,0,0,0,,,,
SQL,Network,5,1.61E-05,0,0,0,0,,,,
ProjectManagement,MsOffice,3,2.74E-04,0,0,0,0,,,,
ETL,Cisco,1,0.010416667,0,0,0,0,,,,
Reporting,Automation,2,2.49E-05,0,0,0,0,,,,
Programming,ComputerScience,1,1.10E-04,0,0,0,0,,,,
Analyst,VBA,25,2.97E-04,0,0,0,0,,,,
SQL,Oracle,5,1.86E-04,0,0,0,0,,,,
Analysis,Monitoring,22,1.04E-04,0,0,0,0,,,,
Tableau,D3,1,0.011111111,0,0,0,0,,,,
Hadoop,DataScience,1,0.002380952,0,0,0,0,,,,
Analysis,Finance,37,3.01E-05,0,0,0,0,,,,
iPad,HTML,1,0.06666667,0,0,0,0,,,,
Analytics,HTML,4,2.15E-04,0,0,0,0,,,,
SAS,Finance,12,9.23E-06,0,0,0,0,,,,
Analytics,MySQL,1,1.01E-04,0,0,0,0,,,,
Monitoring,CustomerSupport,4,4.20E-04,0,0,0,0,,,,
Analyst,Python,3,9.28E-06,0,0,0,0,,,,
Programming,VersionControl,1,0.005263158,0,0,0,0,,,,
SAS,Monitoring,12,9.04E-05,0,0,0,0,,,,
StatisticalAnalysis,ComputerScience,4,0.004273504,0,0,0,0,,,,
Finance,CustomerSupport,5,6.70E-05,0,0,0,0,,,,
Analyst,S3,3,1.11E-04,0,0,0,0,,,,
StatisticalAnalysis,Couchbase,1,0.012820513,0,0,0,0,,,,
Network,TCP,2,0.003527337,0,0,0,0,,,,
Network,Pig,1,0.001763668,0,0,0,0,,,,
Database,DataManagement,1,5.00E-05,0,0,0,0,,,,
RiskManagement,R,3,4.93E-05,0,0,0,0,,,,
C,Monitoring,4,1.28E-04,0,0,0,0,,,,
ProjectManagement,PerformanceTesting,1,0.004385965,0,0,0,0,,,,
Analyst,WebAnalytics,7,6.12E-06,0,0,0,0,,,,
C,Finance,5,2.04E-05,0,0,0,0,,,,
R,MapReduce,1,5.75E-04,0,0,0,0,,,,
Programming,Unix,1,0.005263158,0,0,0,0,,,,
SPSS,C,5,4.12E-04,0,0,0,0,,,,
Analytic,Tableau,13,5.55E-04,0,0,0,0,,,,
Unix,Solaris,1,1,0,0,0,0,,,,
R,CSS,1,3.83E-04,0,0,0,0,,,,
ProjectManagement,Troubleshooting,1,0.004385965,0,0,0,0,,,,
Statistics,RiskManagement,3,4.61E-04,0,0,0,0,,,,
SAS,SPSS,18,4.19E-04,0,0,0,0,,,,
Design,NoSQL,1,3.96E-04,0,0,0,0,,,,
Statistics,MapReduce,2,0.021505376,0,0,0,0,,,,
Development,API,2,6.11E-05,0,0,0,0,,,,
Analytics,SSIS,1,2.24E-05,0,0,0,0,,,,
SPSS,Analysis,20,1.78E-04,0,0,0,0,,,,
Windows,PHP,1,0.006944444,0,0,0,0,,,,
SQL,Database,14,1.57E-04,0,0,0,0,,,,
Analytics,Swift,2,2.69E-04,0,0,0,0,,,,
Analysis,jQuery,4,1.56E-04,0,0,0,0,,,,
CSS,DataScience,1,0.055555556,0,0,0,0,,,,
Statistics,Hadoop,2,6.14E-04,0,0,0,0,,,,
CRM,HTML,1,9.80E-05,0,0,0,0,,,,
SAS,jQuery,4,4.55E-04,0,0,0,0,,,,
SQL,BusinessIntelligence,13,7.38E-05,0,0,0,0,,,,
Database,TCP,1,0.001098901,0,0,0,0,,,,
Math,ComputerScience,2,0.013888889,0,0,0,0,,,,
ProjectManagement,BigData,2,1.57E-04,0,0,0,0,,,,
Developer,Architect,1,1.03E-04,0,0,0,0,,,,
DataManagement,Oracle,1,4.64E-04,0,0,0,0,,,,
Marketing,Swift,3,2.84E-04,0,0,0,0,,,,
ComputerScience,MachineLearning,3,0.0125,0,0,0,0,,,,
Analytic,ETL,2,1.23E-05,0,0,0,0,,,,
SAS,VBA,15,9.85E-04,0,0,0,0,,,,
Analysis,VBA,21,6.63E-04,0,0,0,0,,,,
Marketing,Developer,1,4.38E-07,0,0,0,0,,,,
SQL,SSRS,3,3.65E-04,0,0,0,0,,,,
C,VBA,5,0.001393534,0,0,0,0,,,,
Network,.Net,1,0.001763668,0,0,0,0,,,,
Reporting,XML,3,2.61E-04,0,0,0,0,,,,
Analysis,ReportingServices,1,1.17E-04,0,0,0,0,,,,
Agile,CRM,1,1.03E-05,0,0,0,0,,,,
UML,SoftwareDesign,1,0.5,0,0,0,0,,,,
CRM,RelationalDatabase,1,9.80E-05,0,0,0,0,,,,
GO,.Net,1,0.005555556,0,0,0,0,,,,
Excel,ARM,1,2.75E-04,0,0,0,0,,,,
DataManagement,DataMining,1,0.007575758,0,0,0,0,,,,
BusinessIntelligence,Shell,1,0.001194743,0,0,0,0,,,,
ProjectManagement,R,3,4.54E-05,0,0,0,0,,,,
Analyst,Hive,1,1.86E-05,0,0,0,0,,,,
SAS,WebAnalytics,8,7.36E-05,0,0,0,0,,,,
Development,OLAP,1,6.87E-05,0,0,0,0,,,,
CSS,BigData,1,0.002976191,0,0,0,0,,,,
R,PHP,3,0.002586207,0,0,0,0,,,,
Analytics,Developer,2,3.73E-06,0,0,0,0,,,,
WebAnalytics,Analysis,11,4.77E-05,0,0,0,0,,,,
Visio,Developer,2,0.001234568,0,0,0,0,,,,
Analyst,Finance,60,2.51E-05,0,0,0,0,,,,
Pentaho,MySQL,1,0.041666668,0,0,0,0,,,,
Analyst,Monitoring,32,6.98E-05,0,0,0,0,,,,
WebAnalytics,C,1,1.46E-05,0,0,0,0,,,,
SAS,Python,3,8.54E-05,0,0,0,0,,,,
Marketing,UserInterface,1,4.73E-05,0,0,0,0,,,,
Analysis,Python,3,2.93E-05,0,0,0,0,,,,
DataAnalysis,EDI,1,0.002083333,0,0,0,0,,,,
Reporting,DataAnalysis,2,4.36E-05,0,0,0,0,,,,
Database,MsAccess,1,4.40E-04,0,0,0,0,,,,
Analytic,GIS,1,9.85E-05,0,0,0,0,,,,
MsOffice,RiskManagement,4,5.29E-04,0,0,0,0,,,,
SQL,UX,1,3.65E-05,0,0,0,0,,,,
Excel,SSIS,2,3.67E-04,0,0,0,0,,,,
R,Java,3,0.001149425,0,0,0,0,,,,
Math,R,4,0.003065134,0,0,0,0,,,,
Development,SPSS,15,1.17E-04,0,0,0,0,,,,
Programming,Statistics,4,9.05E-04,0,0,0,0,,,,
Excel,Swift,3,0.002479339,0,0,0,0,,,,
VBA,Cisco,1,0.012820513,0,0,0,0,,,,
Analyst,Administrator,17,6.31E-05,0,0,0,0,,,,
Statistics,Solaris,1,0.010752688,0,0,0,0,,,,
Analyst,ETL,5,9.66E-06,0,0,0,0,,,,
SQL,Automation,2,3.48E-05,0,0,0,0,,,,
StatisticalAnalysis,Tools,2,7.12E-04,0,0,0,0,,,,
Analytic,Hive,1,1.48E-04,0,0,0,0,,,,
Reporting,Oracle,4,8.54E-05,0,0,0,0,,,,
Reporting,Network,5,1.15E-05,0,0,0,0,,,,
Network,EDI,4,0.001410935,0,0,0,0,,,,
Agile,Design,6,9.96E-05,0,0,0,0,,,,
SPSS,LeSS,1,6.31E-04,0,0,0,0,,,,
Reporting,GO,10,1.45E-04,6,1,0,0,,,,
Assurance,UML,2,0.004310345,0,0,0,0,,,,
Database,Scrum,2,5.49E-04,0,0,0,0,,,,
StatisticalAnalysis,Statistics,7,0.006754894,0,0,0,0,,,,
SQL,T-SQL,1,3.65E-04,0,0,0,0,,,,
Analytic,Monitoring,15,1.22E-04,0,0,0,0,,,,
MATLAB,MySQL,1,0.025,0,0,0,0,,,,
Analytic,Finance,16,1.42E-05,0,0,0,0,,,,
Development,jQuery,3,1.03E-04,0,0,0,0,,,,
ComputerScience,CSS,1,0.006944444,0,0,0,0,,,,
SharePoint,RelationalDatabase,1,8.33E-04,0,0,0,0,,,,
Reporting,JavaScript,3,4.90E-05,0,0,0,0,,,,
Analyst,Tableau,14,8.08E-05,0,0,0,0,,,,
Analytics,ARM,2,2.69E-04,0,0,0,0,,,,
StatisticalAnalysis,ProductManagement,1,0.006410256,0,0,0,0,,,,
Adobe,Hadoop,1,1.43E-04,0,0,0,0,,,,
Developer,Hardware,1,1.93E-04,0,0,0,0,,,,
Security,SharePoint,1,3.47E-04,0,0,0,0,,,,
Visio,ARM,1,0.022222223,0,0,0,0,,,,
ComputerScience,PHP,1,0.005208333,0,0,0,0,,,,
Development,VBA,15,3.96E-04,0,0,0,0,,,,
Developer,Cloud,1,2.20E-04,0,0,0,0,,,,
Analyst,CVS,4,1.19E-04,0,0,0,0,,,,
SQL,Modeling,2,2.44E-05,0,0,0,0,,,,
MsOffice,Solaris,1,0.006944444,0,0,0,0,,,,
Development,Python,2,1.53E-05,0,0,0,0,,,,
Math,C++,1,0.013888889,0,0,0,0,,,,
Design,HTML,1,2.64E-05,0,0,0,0,,,,
Programming,MsOffice,3,3.29E-04,0,0,0,0,,,,
Math,BigData,1,0.001488095,0,0,0,0,,,,
Marketing,ARM,1,3.16E-05,0,0,0,0,,,,
ProjectManagement,ComputerScience,1,9.14E-05,0,0,0,0,,,,
SAS,OLAP,2,6.83E-04,0,0,0,0,,,,
R,MachineLearning,2,3.07E-04,0,0,0,0,,,,
Development,WebAnalytics,4,7.40E-06,0,0,0,0,,,,
Reporting,DataMining,1,8.71E-05,0,0,0,0,,,,
Assurance,Network,6,1.37E-04,0,0,0,0,,,,
Automation,MsAccess,1,0.004761905,0,0,0,0,,,,
Assurance,GO,8,7.66E-04,0,0,0,0,,,,
Excel,Developer,4,6.12E-05,0,0,0,0,,,,
Excel,Agile,7,2.83E-04,0,0,0,0,,,,
Reporting,SSRS,1,2.90E-05,0,0,0,0,,,,
Excel,RelationalDatabase,5,0.00137741,0,0,0,0,,,,
Adobe,CSS,1,0.003333333,0,0,0,0,,,,
GO,HTTP,1,0.002777778,0,0,0,0,,,,
Programming,C++,3,0.003947368,0,0,0,0,,,,
CRM,ARM,1,4.90E-04,0,0,0,0,,,,
Analytic,VBA,10,3.79E-04,0,0,0,0,,,,
SAS,Administrator,2,8.04E-06,0,0,0,0,,,,
SAS,ETL,4,5.69E-05,0,0,0,0,,,,
Math,ProductManagement,1,0.083333336,0,0,0,0,,,,
Statistics,MachineLearning,3,0.006451613,0,0,0,0,,,,
Excel,Security,3,2.07E-04,0,0,0,0,,,,
React,PHP,1,0.083333336,0,0,0,0,,,,
SQL,XML,3,3.65E-04,0,0,0,0,,,,
Analysis,ETL,3,1.10E-05,0,0,0,0,,,,
Analytics,NoSQL,1,2.01E-04,0,0,0,0,,,,
Analyst,API,3,3.71E-05,0,0,0,0,,,,
Analysis,Administrator,4,1.10E-05,0,0,0,0,,,,
Assurance,BusinessIntelligence,2,1.03E-05,0,0,0,0,,,,
ARM,DataWarehouse,1,0.00617284,0,0,0,0,,,,
Analytic,Python,2,3.28E-05,0,0,0,0,,,,
Analysis,GIS,1,3.91E-05,0,0,0,0,,,,
Agile,Cloud,1,3.33E-04,0,0,0,0,,,,
SAS,GIS,1,1.14E-04,0,0,0,0,,,,
Agile,Hardware,1,2.91E-04,0,0,0,0,,,,
Assurance,Database,7,2.32E-04,0,0,0,0,,,,
Analytic,WebAnalytics,10,9.95E-05,0,0,0,0,,,,
SQL,DataAnalysis,2,6.09E-05,0,0,0,0,,,,
Excel,DataVisualization,1,8.26E-04,0,0,0,0,,,,
Scrum,UML,1,0.03125,0,0,0,0,,,,
Tools,MachineLearning,2,0.003703704,0,0,0,0,,,,
Analytic,SPSS,18,3.63E-04,0,0,0,0,,,,
Salesforce,Database,1,0.001098901,0,0,0,0,,,,
REST,PHP,1,0.125,0,0,0,0,,,,
Tools,Math,2,0.009259259,0,0,0,0,,,,
C,Tableau,4,7.73E-04,0,0,0,0,,,,
Analysis,CVS,2,9.38E-05,0,0,0,0,,,,
Tools,Java,3,0.013888889,0,0,0,0,,,,
SQL,BusinessAnalytic,3,0.001096491,0,0,0,0,,,,
Reporting,Database,12,8.27E-05,0,0,0,0,,,,
Database,EDI,4,0.001758242,0,0,0,0,,,,
Analysis,Tableau,14,2.55E-04,0,0,0,0,,,,
PHP,CommandLine,1,0.25,0,0,0,0,,,,
Design,UserInterface,2,7.91E-04,0,0,0,0,,,,
Adobe,ProjectManagement,1,4.39E-05,0,0,0,0,,,,
SAS,Tableau,10,3.79E-04,0,0,0,0,,,,
StatisticalAnalysis,R,6,5.31E-04,0,0,0,0,,,,
Finance,LeSS,2,1.25E-04,0,0,0,0,,,,
GO,Scrum,1,3.47E-04,0,0,0,0,,,,
Adobe,PHP,3,0.022500001,0,0,0,0,,,,
Design,Developer,7,8.97E-05,0,0,0,0,,,,
Monitoring,LeSS,2,0.00122549,0,0,0,0,,,,
Programming,R,4,9.68E-05,0,0,0,0,,,,
Statistics,Math,3,0.016129032,0,0,0,0,,,,
BusinessObjects,BigData,1,1.86E-04,0,0,0,0,,,,
Development,Finance,33,2.81E-05,0,0,0,0,,,,
Analytic,jQuery,3,2.22E-04,0,0,0,0,,,,
Development,Monitoring,23,1.34E-04,0,0,0,0,,,,
Reporting,BusinessIntelligence,16,8.00E-05,0,0,0,0,,,,
Excel,MySQL,2,0.001652893,0,0,0,0,,,,
Excel,HTML,1,5.51E-05,0,0,0,0,,,,
Analytic,RiskManagement,3,1.27E-05,0,0,0,0,,,,
Agile,Scrum,2,0.001748252,0,0,0,0,,,,
Reporting,Developer,2,4.84E-06,0,0,0,0,,,,
Analytic,MapReduce,2,5.91E-04,0,0,0,0,,,,
Analysis,SDK,1,1.17E-04,0,0,0,0,,,,
SQL,Waterfall,2,7.31E-04,0,0,0,0,,,,
DataAnalysis,Visio,1,0.002777778,0,0,0,0,,,,
SPSS,ComputerScience,3,7.10E-04,0,0,0,0,,,,
Excel,Spring,1,1.03E-04,0,0,0,0,,,,
Assurance,Swift,2,0.002873563,0,0,0,0,,,,
Design,BusinessIntelligence,17,1.37E-04,0,0,0,0,,,,
Statistics,Tableau,8,0.007646356,0,0,0,0,,,,
Marketing,XML,3,9.47E-05,0,0,0,0,,,,
Analysis,Java,3,1.17E-04,0,0,0,0,,,,
Analysis,Math,3,1.76E-04,0,0,0,0,,,,
SAS,Math,5,0.001423042,0,0,0,0,,,,
SAS,Java,3,3.42E-04,0,0,0,0,,,,
Analyst,BusinessObjects,4,1.24E-05,0,0,0,0,,,,
Development,CSS,1,4.58E-05,0,0,0,0,,,,
Design,AgileProjectManagement,1,3.96E-04,0,0,0,0,,,,
Marketing,DataAnalysis,1,3.95E-06,0,0,0,0,,,,
Design,Database,15,1.96E-04,4,3,0,0,,,,
Analytic,Hadoop,2,1.69E-05,0,0,0,0,,,,
BigData,OLAP,1,0.004464286,0,0,0,0,,,,
MsOffice,Administrator,2,1.63E-04,0,0,0,0,,,,
C,Math,1,7.25E-04,0,0,0,0,,,,
Analytics,XML,3,2.01E-04,0,0,0,0,,,,
Tableau,Tools,2,6.17E-04,0,0,0,0,,,,
SQL,NoSQL,1,3.65E-04,0,0,0,0,,,,
Excel,JavaScript,4,2.75E-04,0,0,0,0,,,,
MsOffice,ETL,1,7.23E-05,0,0,0,0,,,,
Reporting,UserInterface,1,1.31E-04,0,0,0,0,,,,
Adobe,Monitoring,3,1.65E-04,0,0,0,0,,,,
GO,Cloud,1,2.65E-04,0,0,0,0,,,,
BusinessIntelligence,MATLAB,4,9.56E-04,0,0,0,0,,,,
Adobe,Finance,3,1.69E-05,0,0,0,0,,,,
Network,Hardware,2,2.94E-04,0,0,0,0,,,,
Marketing,BusinessAnalytic,3,2.84E-04,0,0,0,0,,,,
GO,Hardware,1,2.31E-04,0,0,0,0,,,,
Network,Cloud,1,8.40E-05,0,0,0,0,,,,
CRM,Photoshop,1,0.001470588,0,0,0,0,,,,
Analysis,MachineLearning,2,3.13E-05,0,0,0,0,,,,
Analyst,Solaris,1,3.71E-05,0,0,0,0,,,,
Statistics,ETL,2,4.48E-04,0,0,0,0,,,,
Windows,API,1,0.00308642,0,0,0,0,,,,
Statistics,Administrator,2,2.53E-04,0,0,0,0,,,,
Development,PHP,3,3.09E-04,0,0,0,0,,,,
Programming,Analyst,18,6.33E-05,0,0,0,0,,,,
Assurance,UserInterface,1,0.001077586,0,0,0,0,,,,
SAS,MachineLearning,3,2.05E-04,0,0,0,0,,,,
MsAccess,Waterfall,2,0.400000006,0,0,0,0,,,,
Development,ProjectManagement,27,4.39E-04,0,0,0,0,,,,
Salesforce,Swift,1,0.166666672,0,0,0,0,,,,
Assurance,Developer,1,9.98E-06,0,0,0,0,,,,
Tableau,ProductManagement,1,0.005555556,0,0,0,0,,,,
Pentaho,Modeling,1,0.001388889,0,0,0,0,,,,
Excel,GO,12,6.61E-04,0,0,0,1,,,,
Finance,REST,1,9.38E-05,0,0,0,0,,,,
VBA,VersionControl,1,0.012820513,0,0,0,0,,,,
Excel,Network,11,1.76E-04,0,0,0,0,,,,
Analyst,StatisticalAnalysis,12,6.85E-05,0,0,0,0,,,,
BusinessAnalytic,Analytics,3,6.04E-04,0,0,0,0,,,,
ComputerScience,Python,2,0.002314815,0,0,0,0,,,,
VBA,Boost,1,0.012820513,0,0,0,0,,,,
Excel,Oracle,5,4.22E-04,0,0,0,0,,,,
Analytic,DatabaseDesign,2,3.94E-04,0,0,0,0,,,,
Automation,CRM,1,3.50E-05,0,0,0,0,,,,
Analytics,Visualization,1,2.01E-04,0,0,0,0,,,,
Reporting,SSIS,1,2.90E-05,0,0,0,0,,,,
Adobe,jQuery,4,0.013333334,0,0,0,0,,,,
Excel,BusinessIntelligence,24,5.69E-04,0,0,0,0,,,,
Database,Hardware,1,9.16E-05,0,0,0,0,,,,
Marketing,UX,1,9.47E-06,0,0,0,0,,,,
ARM,Shell,1,0.333333343,0,0,0,0,,,,
Assurance,Security,2,2.39E-04,0,0,0,0,,,,
Development,SoftwareDevelopment,2,6.11E-05,0,0,0,0,,,,
Design,Spring,1,4.94E-05,0,0,0,0,,,,
Analyst,SDK,1,3.71E-05,0,0,0,0,,,,
Design,DataMining,1,1.32E-04,0,0,0,0,,,,
Marketing,Automation,1,2.25E-06,0,0,0,0,,,,
Tableau,BigData,3,8.93E-04,0,0,0,0,,,,
Assurance,Agile,8,9.65E-04,0,0,0,0,,,,
Analytic,PHP,4,0.001182033,0,0,0,0,,,,
Design,UML,1,1.98E-04,0,0,0,0,,,,
C,BusinessObjects,1,9.06E-05,0,0,0,0,,,,
Analytic,ProjectManagement,13,2.19E-04,0,0,0,0,,,,
Network,SharePoint,1,2.20E-05,0,0,0,0,,,,
Design,JavaScript,4,1.32E-04,0,0,0,0,,,,
Analytics,UX,1,2.01E-05,0,0,0,0,,,,
Oracle,MATLAB,3,0.009183673,0,0,0,0,,,,
Excel,Database,19,6.56E-04,0,0,0,0,,,,
Marketing,Photoshop,1,9.47E-05,0,0,0,0,,,,
ProjectManagement,DataDriven,1,0.004385965,0,0,0,0,,,,
Analyst,Math,6,2.23E-04,0,0,0,0,,,,
Analyst,Java,3,3.71E-05,0,0,0,0,,,,
SAS,BusinessObjects,4,1.14E-04,0,0,0,0,,,,
Development,DatabaseDesign,1,4.58E-05,0,0,0,0,,,,
Analytics,Automation,2,1.92E-05,0,0,0,0,,,,
Analysis,BusinessObjects,7,1.20E-04,0,0,0,0,,,,
SPSS,Adobe,5,9.47E-04,0,0,0,0,,,,
Development,MapReduce,1,6.87E-05,0,0,0,0,,,,
Scrum,UserInterface,1,0.03125,0,0,0,0,,,,
Programming,SAS,10,1.80E-04,0,0,0,0,,,,
Development,RiskManagement,6,2.35E-05,0,0,0,0,,,,
Analyst,MachineLearning,2,9.89E-06,0,0,0,0,,,,
Programming,CustomerSupport,4,0.001203008,0,0,0,0,,,,
SAS,Solaris,1,3.42E-04,0,0,0,0,,,,
Programming,Analysis,11,7.46E-05,0,0,0,0,,,,
WebAnalytics,Adobe,7,0.001649832,0,0,0,0,,,,
ETL,BigData,1,9.30E-05,0,0,0,0,,,,
Programming,C,4,3.66E-04,0,0,0,0,,,,
Adobe,Python,1,2.78E-04,0,0,0,0,,,,
Marketing,Modeling,2,6.31E-06,0,0,0,0,,,,
RiskManagement,LeSS,3,0.007142857,0,0,0,0,,,,
Pentaho,Visualization,1,0.083333336,0,0,0,0,,,,
Reporting,Security,3,6.54E-05,0,0,0,0,,,,
StatisticalAnalysis,C,4,8.92E-04,0,0,0,0,,,,
Adobe,VBA,4,0.002051282,0,0,0,0,,,,
ApacheSpark,NoSQL,1,1,0,0,0,0,,,,
Design,Network,5,1.74E-05,0,0,0,0,,,,
Tableau,R,8,8.17E-04,0,0,0,0,,,,
SAS,StatisticalAnalysis,6,1.58E-04,0,0,0,0,,,,
Development,Hadoop,2,7.85E-06,0,0,0,0,,,,
Analytic,CSS,2,3.94E-04,0,0,0,0,,,,
Design,Oracle,6,2.91E-04,0,0,0,0,,,,
Analyst,C+,1,3.71E-05,0,0,0,0,,,,
Analytics,Modeling,3,3.02E-05,0,0,0,0,,,,
Network,Cassandra,1,0.001763668,0,0,0,0,,,,
Design,GO,9,1.78E-04,0,0,0,0,,,,
Excel,SSRS,2,3.67E-04,0,0,0,0,,,,
StatisticalAnalysis,Analysis,11,1.82E-04,5,1,0,0,,,,
Agile,EDI,4,0.005594406,0,0,0,0,,,,
Agile,Reporting,9,1.48E-04,0,0,0,0,,,,
Scrum,Developer,1,2.89E-04,0,0,0,0,,,,
ProjectManagement,ETL,1,4.57E-05,0,0,0,0,,,,
StatisticalAnalysis,SPSS,5,0.001214064,0,0,0,0,,,,
ProjectManagement,Administrator,5,6.45E-04,0,0,0,0,,,,
Analytic,R,16,8.70E-05,0,0,0,0,,,,
Design,ApacheSpark,1,3.96E-04,0,0,0,0,,,,
Statistics,D3,1,0.010752688,0,0,0,0,,,,
BusinessAnalytic,RelationalDatabase,3,0.200000003,0,0,0,0,,,,
Development,Tools,8,1.22E-04,0,0,0,0,,,,
Reporting,Pentaho,3,1.96E-04,0,0,0,0,,,,
Design,DataManagement,1,8.99E-06,0,0,0,0,,,,
Assurance,CRM,2,1.27E-05,0,0,0,0,,,,
Math,Finance,1,3.13E-05,0,0,0,0,,,,
Monitoring,Java,3,0.001838235,0,0,0,0,,,,
SAS,Unix,1,3.42E-04,0,0,0,0,,,,
Automation,Developer,1,1.10E-04,0,0,0,0,,,,
Excel,Shell,1,8.26E-04,0,0,0,0,,,,
BusinessIntelligence,ARM,1,3.98E-04,0,0,0,0,,,,
ProjectManagement,GIS,1,0.001461988,0,0,0,0,,,,
Programming,SPSS,2,7.97E-05,0,0,0,0,,,,
Excel,MsAccess,5,0.004132231,0,0,0,0,,,,
WebAnalytics,BusinessObjects,3,6.31E-04,0,0,0,0,,,,
Development,Statistics,18,4.79E-04,0,0,0,0,,,,
Analytic,DataScience,1,4.93E-05,0,0,0,0,,,,
Tableau,ProjectManagement,4,7.80E-04,0,0,0,0,,,,
SAS,Adobe,6,1.23E-04,0,0,0,0,,,,
Development,ProductManagement,1,6.87E-05,0,0,0,0,,,,
Reporting,CRM,4,6.15E-06,0,0,0,0,,,,
MsOffice,LeSS,1,0.001157407,0,0,0,0,,,,
Adobe,Analysis,9,9.49E-05,0,0,0,0,,,,
SPSS,BusinessObjects,5,0.001972853,0,0,0,0,,,,
Salesforce,CRM,1,7.35E-04,0,0,0,0,,,,
Database,Prototype,1,0.001098901,0,0,0,0,,,,
Adobe,C,2,1.74E-04,0,0,0,0,,,,
Development,MsOffice,10,9.54E-05,0,0,0,0,,,,
StatisticalAnalysis,VBA,4,0.002629849,0,0,0,0,,,,
Analyst,VersionControl,1,3.71E-05,0,0,0,0,,,,
Marketing,Scrum,1,5.92E-06,0,0,0,0,,,,
Analyst,Boost,1,3.71E-05,0,0,0,0,,,,
Hardware,TCP,1,0.020833334,0,0,0,0,,,,
Excel,SQL,50,7.55E-04,0,0,0,0,,,,
Finance,C+,1,1.88E-04,0,0,0,0,,,,
Analytic,Windows,1,8.21E-06,0,0,0,0,,,,
Analyst,ComputerScience,6,2.78E-05,0,0,0,0,,,,
Reporting,DataWarehouse,5,1.21E-04,0,0,0,0,,,,
T-SQL,SSIS,1,0.111111112,0,0,0,0,,,,
Programming,VBA,4,0.001079622,0,0,0,0,,,,
StatisticalAnalysis,Python,2,0.001424501,0,0,0,0,,,,
BigData,DataDriven,1,0.008928572,0,0,0,0,,,,
Analysis,REST,1,5.86E-05,0,0,0,0,,,,
Analyst,Couchbase,1,3.71E-05,0,0,0,0,,,,
Development,PerformanceTesting,1,1.37E-04,0,0,0,0,,,,
SQL,Cloud,1,1.74E-05,0,0,0,0,,,,
MySQL,Visualization,1,0.5,0,0,0,0,,,,
Assurance,Pentaho,1,1.80E-04,0,0,0,0,,,,
Analytic,BigData,4,4.22E-05,0,0,0,0,,,,
Hadoop,OLAP,2,0.028571429,0,0,0,0,,,,
Math,VBA,1,0.002136752,0,0,0,0,,,,
Analytics,Reporting,16,1.35E-05,0,0,0,0,,,,
VBA,Java,3,0.012820513,0,0,0,0,,,,
WebAnalytics,SDK,1,0.003367003,0,0,0,0,,,,
Analyst,DataConversion,2,3.71E-05,0,0,0,0,,,,
Analytic,ProductManagement,2,5.91E-04,0,0,0,0,,,,
SQL,SharePoint,1,4.57E-06,0,0,0,0,,,,
Analytic,MsOffice,3,1.85E-05,0,0,0,0,,,,
Tableau,DatabaseDesign,2,0.014814815,0,0,0,0,,,,
DataAnalysis,Developer,4,0.00308642,0,0,0,0,,,,
SQL,MATLAB,3,1.64E-04,0,0,0,0,,,,
GO,Prototype,1,0.002777778,0,0,0,0,,,,
ETL,Hadoop,2,5.95E-04,0,0,0,0,,,,
Reporting,Visio,12,0.002509804,0,0,1,0,,,,
Visio,EDI,4,0.053333335,0,0,0,0,,,,
HTML,UX,1,0.006666667,0,0,0,0,,,,
WebAnalytics,Java,3,0.003367003,0,0,0,0,,,,
Development,SoftwareEngineering,1,6.87E-05,0,0,0,0,,,,
Marketing,EDI,4,7.58E-05,0,0,0,0,,,,
Marketing,Reporting,24,1.43E-05,0,0,0,0,,,,
SPSS,MachineLearning,2,0.001010101,0,0,0,0,,,,
Analyst,React,1,1.24E-05,0,0,0,0,,,,
ETL,MapReduce,1,0.005208333,0,0,0,0,,,,
Design,Shell,1,3.96E-04,0,0,0,0,,,,
Development,Windows,1,3.82E-06,0,0,0,0,,,,
Automation,HTML,1,0.001587302,0,0,0,0,,,,
Math,Python,2,0.018518519,0,0,0,0,,,,
Development,C++,2,4.58E-05,0,0,0,0,,,,
Finance,BusinessObjects,1,3.91E-06,0,0,0,0,,,,
Marketing,Salesforce,2,1.89E-04,0,0,0,0,,,,
Analyst,Unix,1,3.71E-05,0,0,0,0,,,,
CRM,Scrum,1,9.19E-05,0,0,0,0,,,,
Excel,DataManagement,2,7.51E-05,0,0,0,0,,,,
Development,BigData,2,4.91E-06,0,0,0,0,,,,
SharePoint,TCP,1,0.00625,0,0,0,0,,,,
Programming,Monitoring,6,3.48E-04,0,0,0,0,,,,
SAS,VersionControl,1,3.42E-04,0,0,0,0,,,,
Automation,RelationalDatabase,1,0.001587302,0,0,0,0,,,,
Marketing,Assurance,10,2.04E-05,0,0,0,0,,,,
Programming,Finance,6,3.55E-05,0,0,0,0,,,,
SQL,Design,29,1.22E-04,0,0,0,0,,,,
Marketing,Networking,1,3.16E-05,0,0,0,0,,,,
Python,MachineLearning,2,0.007407407,0,0,0,0,,,,
LeSS,R,1,1.92E-04,0,0,0,0,,,,
Analysis,VersionControl,1,1.17E-04,0,0,0,0,,,,
SQL,Cassandra,1,3.65E-04,0,0,0,0,,,,
SPSS,Math,2,0.002525253,0,0,0,0,,,,
Development,R,21,6.96E-05,0,0,0,0,,,,
Tableau,Hadoop,2,6.35E-04,0,0,0,0,,,,
Automation,Security,2,0.002645503,0,0,0,0,,,,
SPSS,Java,3,0.003787879,0,0,0,0,,,,
Analytic,Tools,6,1.48E-04,0,0,0,0,,,,
Reporting,Architect,3,5.23E-05,0,0,0,0,,,,
Analyst,Adobe,9,3.01E-05,0,0,0,0,,,,
ETL,DatabaseDesign,1,0.003472222,0,0,0,0,,,,
Tableau,MapReduce,1,0.005555556,0,0,0,0,,,,
Assurance,Analytics,8,2.78E-05,0,0,0,0,,,,
Design,Pig,1,3.96E-04,0,0,0,0,,,,
Analyst,CommandLine,1,3.71E-05,0,0,0,0,,,,
ProjectManagement,OLAP,1,0.002192982,0,0,0,0,,,,
Cassandra,Pig,1,1,0,0,0,0,,,,
Java,jQuery,3,0.083333336,0,0,0,0,,,,
Analyst,UnitTesting,2,7.42E-05,0,0,0,0,,,,
SAS,ComputerScience,4,1.14E-04,0,0,0,0,,,,
StatisticalAnalysis,Monitoring,3,2.12E-04,0,0,0,0,,,,
SharePoint,MsAccess,1,0.0025,0,0,0,0,,,,
StatisticalAnalysis,Finance,2,9.62E-06,0,0,0,0,,,,
Analyst,REST,2,7.42E-05,0,0,0,0,,,,
R,D3,1,0.001149425,0,0,0,0,,,,
Analysis,ComputerScience,4,3.91E-05,0,0,0,0,,,,
Analytic,Statistics,20,0.001271003,2,2,0,0,,,,
Assurance,Visio,6,0.005172414,0,0,0,0,,,,
Modeling,MySQL,1,0.008333334,0,0,0,0,,,,
VBA,GIS,1,0.004273504,0,0,0,0,,,,
Marketing,SaaS,1,9.47E-06,0,0,0,0,,,,
BusinessIntelligence,Visualization,1,0.001194743,0,0,0,0,,,,
Adobe,BigData,1,8.93E-05,0,0,0,0,,,,
GO,T-SQL,1,0.005555556,0,0,0,0,,,,
Math,RiskManagement,1,7.94E-04,0,0,0,0,,,,
Adobe,Windows,1,2.78E-04,0,0,0,0,,,,
BusinessAnalytic,BusinessIntelligence,3,0.003584229,0,0,0,0,,,,
Tools,ComputerScience,2,0.001157407,0,0,0,0,,,,
Excel,DataWarehouse,4,2.45E-04,0,0,0,0,,,,
Marketing,SharePoint,2,4.73E-06,0,0,0,0,,,,
Marketing,MATLAB,3,4.26E-05,0,0,0,0,,,,
SQL,EDI,4,2.92E-04,0,0,0,0,,,,
Analytics,SaaS,1,2.01E-05,0,0,0,0,,,,
Windows,CommandLine,1,0.027777778,0,0,0,0,,,,
Analysis,DataDriven,1,1.17E-04,0,0,0,0,,,,
SQL,Reporting,29,8.04E-05,0,0,0,0,,,,
SPSS,Tableau,7,0.00206229,0,0,0,0,,,,
ProjectManagement,BusinessObjects,2,3.65E-04,0,0,0,0,,,,
GO,Automation,2,5.29E-04,0,0,0,0,,,,
Analytic,C,8,8.22E-05,0,0,0,0,,,,
Statistics,Couchbase,1,0.010752688,0,0,0,0,,,,
Windows,REST,1,0.013888889,0,0,0,0,,,,
Statistics,ComputerScience,4,0.003584229,0,0,0,0,,,,
Analytic,Analysis,52,9.36E-05,0,0,0,0,,,,
Analyst,Cisco,1,3.71E-05,0,0,0,0,,,,
Excel,CRM,8,7.78E-05,0,0,0,0,,,,
VBA,Administrator,1,7.54E-05,0,0,0,0,,,,
SAS,Analytic,33,1.10E-04,0,0,0,0,,,,
Analytic,CustomerSupport,4,6.75E-05,0,0,0,0,,,,
Analytics,MATLAB,4,1.61E-04,0,0,0,0,,,,
Design,Architect,3,7.91E-05,0,0,0,0,,,,
VBA,ETL,1,1.34E-04,0,0,0,0,,,,
StatisticalAnalysis,CSS,1,0.004273504,0,0,0,0,,,,
SQL,Assurance,11,9.53E-05,0,0,0,0,,,,
Adobe,DataScience,1,0.001666667,0,0,0,0,,,,
Marketing,Design,30,3.37E-05,0,0,0,0,,,,
Tableau,Python,2,0.001234568,0,0,0,0,,,,
BusinessIntelligence,XML,3,0.001194743,0,0,0,0,,,,
DataAnalysis,Database,2,3.66E-04,0,0,0,0,,,,
Reporting,MsAccess,3,4.71E-04,0,0,0,0,,,,
Analyst,D3,1,3.71E-05,0,0,0,0,,,,
ComputerScience,ProductManagement,1,0.010416667,0,0,0,0,,,,
WebAnalytics,Tableau,2,1.50E-04,0,0,0,0,,,,
Programming,ProjectManagement,6,8.31E-04,0,0,0,0,,,,
UX,JavaScript,1,0.002083333,0,0,0,0,,,,
Analytics,Design,22,3.86E-05,0,0,0,0,,,,
MATLAB,Architect,3,0.01,0,0,0,0,,,,
GO,Modeling,1,9.26E-05,0,0,0,0,,,,
Excel,Pentaho,3,6.20E-04,0,0,0,0,,,,
Adobe,ActiveDirectory,1,0.005,0,0,0,0,,,,
Development,Analyst,119,7.22E-05,0,0,0,0,,,,
BusinessIntelligence,DataAnalysis,1,4.98E-05,0,0,0,0,,,,
Analytics,Cassandra,1,2.01E-04,0,0,0,0,,,,
Tableau,ReportingServices,1,0.011111111,0,0,0,0,,,,
Windows,React,1,0.009259259,0,0,0,0,,,,
Adobe,R,4,1.84E-04,0,0,0,0,,,,
SPSS,ETL,1,3.95E-05,0,0,0,0,,,,
StatisticalAnalysis,ProjectManagement,4,9.00E-04,0,0,0,0,,,,
Automation,JavaScript,1,4.96E-04,0,0,0,0,,,,
Finance,OLAP,1,9.38E-05,0,0,0,0,,,,
Tableau,VBA,4,0.002279202,0,0,0,0,,,,
Design,Visio,13,0.004456751,0,0,1,1,,,,
Agile,Prototype,1,0.003496503,0,0,0,0,,,,
Analyst,LeSS,6,2.23E-04,0,0,0,0,,,,
BusinessIntelligence,Modeling,1,1.99E-05,0,0,0,0,,,,
Cloud,Architect,1,0.001058201,0,0,0,0,,,,
Developer,Prototype,1,0.002314815,0,0,0,0,,,,
MsOffice,Unix,1,0.006944444,0,0,0,0,,,,
Architect,Hardware,1,9.26E-04,0,0,0,0,,,,
SPSS,OLAP,1,0.001893939,0,0,0,0,,,,
DataAnalysis,GO,1,2.31E-04,0,0,0,0,,,,
PHP,Java,3,0.25,0,0,0,0,,,,
Design,DataWarehouse,5,1.83E-04,0,0,0,0,,,,
Finance,ETL,2,7.82E-06,0,0,0,0,,,,
Monitoring,Administrator,2,4.33E-05,0,0,0,0,,,,
Finance,Administrator,2,4.41E-06,0,0,0,0,,,,
Assurance,SoftwareDesign,1,0.002155172,0,0,0,0,,,,
SAS,Cisco,1,3.42E-04,0,0,0,0,,,,
Adobe,Tools,3,0.00125,0,0,0,0,,,,
Analyst,Analytic,59,3.82E-05,0,0,0,0,,,,
Windows,ComputerScience,1,5.79E-04,0,0,0,0,,,,
Design,CRM,10,5.82E-05,0,0,0,0,,,,
Assurance,DataManagement,2,1.96E-04,0,0,0,0,,,,
Pentaho,MATLAB,1,0.004166667,0,0,0,0,,,,
GO,XML,3,0.005555556,0,0,0,0,,,,
Excel,Architect,3,1.65E-04,0,0,0,0,,,,
Analysis,Cisco,1,1.17E-04,0,0,0,0,,,,
SQL,RDBMS,1,3.65E-04,0,0,0,0,,,,
Math,ProjectManagement,1,7.31E-04,0,0,0,0,,,,
Programming,SoftwareDevelopment,1,5.85E-04,0,0,0,0,,,,
Analyst,DataDriven,1,3.71E-05,0,0,0,0,,,,
BusinessObjects,Hadoop,1,2.98E-04,0,0,0,0,,,,
Monitoring,CVS,1,3.68E-04,0,0,0,0,,,,
Reporting,DataManagement,1,5.94E-06,0,0,0,0,,,,
Developer,ARM,1,0.00154321,0,0,0,0,,,,
DataWarehouse,MATLAB,3,0.008333334,0,0,0,0,,,,
Tableau,Finance,5,5.21E-05,0,0,0,0,,,,
Database,Photoshop,1,0.002197802,0,0,0,0,,,,
Excel,Marketing,42,1.38E-04,0,0,0,0,,,,
Tableau,Monitoring,3,1.84E-04,0,0,0,0,,,,
SQL,Scrum,1,2.28E-05,0,0,0,0,,,,
Analysis,D3,1,1.17E-04,0,0,0,0,,,,
R,ComputerScience,2,9.58E-05,0,0,0,0,,,,
Excel,Visio,14,0.010798899,1,2,0,0,,,,
CRM,SaaS,1,1.47E-04,0,0,0,0,,,,
SAS,LeSS,2,2.28E-04,0,0,0,0,,,,
BusinessIntelligence,T-SQL,1,0.001194743,0,0,0,0,,,,
Development,C,14,1.17E-04,0,0,0,0,,,,
Analysis,LeSS,1,1.95E-05,0,0,0,0,,,,
Statistics,Unix,1,0.010752688,0,0,0,0,,,,
C,LeSS,1,7.25E-04,0,0,0,0,,,,
Development,Analysis,79,1.00E-04,0,0,0,0,,,,
Tableau,Hive,1,0.005555556,0,0,0,0,,,,
Development,CustomerSupport,4,3.14E-05,0,0,0,0,,,,
Excel,Analytics,27,1.21E-04,0,0,0,0,,,,
Programming,RiskManagement,4,4.01E-04,0,0,0,0,,,,
Design,Pentaho,2,1.32E-04,0,0,0,0,,,,
JavaScript,XML,3,0.020833334,0,0,0,0,,,,
Development,SAS,29,3.95E-05,0,0,0,0,,,,
CRM,MATLAB,3,6.62E-04,0,0,0,0,,,,
Design,Hive,2,7.91E-04,0,0,0,0,,,,
Analytic,RelationalDatabase,4,3.15E-04,0,0,0,0,,,,
Excel,ReportingServices,1,8.26E-04,0,0,0,0,,,,
SAS,ARM,2,4.55E-04,0,0,0,0,,,,
Cassandra,Hive,1,0.5,0,0,0,0,,,,
Analytic,Agile,5,5.17E-05,0,0,0,0,,,,
Analysis,ARM,1,3.91E-05,0,0,0,0,,,,
Development,UserInterface,1,6.87E-05,0,0,0,0,,,,
Tableau,Pentaho,4,0.014814815,0,0,0,0,,,,
Modeling,ProductManagement,1,0.008333334,0,0,0,0,,,,
Architect,API,1,0.002469136,0,0,0,0,,,,
SSIS,Cisco,1,0.111111112,0,0,0,0,,,,
Excel,VBA,24,0.006102988,1,3,0,0,,,,
SQL,StatisticalAnalysis,6,1.69E-04,0,0,0,0,,,,
BusinessIntelligence,Unix,1,0.001194743,0,0,0,0,,,,
Tools,Automation,1,3.31E-04,0,0,0,0,,,,
CRM,ETL,1,1.53E-05,0,0,0,0,,,,
R,Visualization,1,0.001149425,0,0,0,0,,,,
GO,ComputerScience,1,1.16E-04,0,0,0,0,,,,
Excel,Python,1,2.30E-05,0,0,0,0,,,,
Design,Monitoring,19,2.63E-04,4,2,0,0,,,,
SoftwareDevelopment,HTTP,1,0.055555556,0,0,0,0,,,,
Design,Finance,19,2.68E-05,0,0,0,0,,,,
Oracle,ComputerScience,1,4.25E-04,0,0,0,0,,,,
Programming,SQL,13,3.25E-04,0,0,0,0,,,,
Analytic,DataVisualization,1,2.96E-04,0,0,0,0,,,,
ETL,DataWarehouse,2,7.72E-04,0,0,0,0,,,,
Assurance,ProjectManagement,4,1.51E-04,0,0,0,0,,,,
Development,Developer,5,1.59E-05,0,0,0,0,,,,
Analytics,OLAP,2,4.03E-04,0,0,0,0,,,,
Excel,WebAnalytics,8,1.78E-04,0,0,0,0,,,,
Programming,Shell,1,0.005263158,0,0,0,0,,,,
Development,Swift,3,4.12E-04,0,0,0,0,,,,
ETL,Pentaho,2,0.003472222,0,0,0,0,,,,
Analysis,Prototype,1,5.86E-05,0,0,0,0,,,,
Excel,SPSS,18,0.001014275,0,0,0,1,,,,
Analyst,NoSQL,1,3.71E-05,0,0,0,0,,,,
Solaris,Shell,1,1,0,0,0,0,,,,
Reporting,ProjectManagement,20,4.59E-04,0,0,0,0,,,,
ProjectManagement,EDI,4,0.003508772,0,0,0,0,,,,
Automation,MsOffice,2,6.61E-04,0,0,0,0,,,,
Tableau,CRM,7,8.01E-04,0,0,0,0,,,,
R,XML,3,0.001149425,0,0,0,0,,,,
SQL,BusinessObjects,4,1.22E-04,0,0,0,0,,,,
Adobe,Database,2,8.79E-05,0,0,0,0,,,,
Reporting,PHP,4,0.001045752,0,0,0,0,,,,
Excel,jQuery,4,0.001101928,0,0,0,0,,,,
Finance,MATLAB,1,9.38E-06,0,0,0,0,,,,
Adobe,BusinessIntelligence,4,1.91E-04,0,0,0,0,,,,
Analyst,Waterfall,2,7.42E-05,0,0,0,0,,,,
DataAnalysis,R,1,4.79E-05,0,0,0,0,,,,
BigData,Visualization,1,0.008928572,0,0,0,0,,,,
Monitoring,MATLAB,3,8.27E-04,0,0,0,0,,,,
Statistics,Modeling,2,7.17E-04,0,0,0,0,,,,
Analytic,HTML,4,3.15E-04,0,0,0,0,,,,
Analytic,MySQL,2,5.91E-04,0,0,0,0,,,,
Scrum,DatabaseDesign,1,0.020833334,0,0,0,0,,,,
Tableau,DataWarehouse,4,0.003292181,0,0,0,0,,,,
ComputerScience,JavaScript,1,4.34E-04,0,0,0,0,,,,
Monitoring,SharePoint,1,2.30E-05,0,0,0,0,,,,
Design,VBA,12,7.30E-04,0,0,0,0,,,,
Reporting,DatabaseDesign,2,3.49E-04,0,0,0,0,,,,
Analytics,CVS,1,4.03E-05,0,0,0,0,,,,
ProductManagement,Visualization,1,0.5,0,0,0,0,,,,
SPSS,MATLAB,3,0.001704545,0,0,0,0,,,,
Adobe,GO,3,5.00E-04,0,0,0,0,,,,
Finance,Cloud,1,8.93E-06,0,0,0,0,,,,
Analytics,Tableau,13,3.78E-04,0,0,1,0,,,,
Tools,XML,3,0.013888889,0,0,0,0,,,,
Assurance,RiskManagement,2,4.11E-05,0,0,0,0,,,,
Analysis,UI,1,1.17E-04,0,0,0,0,,,,
Finance,Hardware,1,7.82E-06,0,0,0,0,,,,
R,Modeling,2,7.66E-05,0,0,0,0,,,,
Analyst,ARM,3,1.11E-04,0,0,0,0,,,,
DataAnalysis,Statistics,1,4.48E-04,0,0,0,0,,,,
Adobe,Oracle,1,2.04E-04,0,0,0,0,,,,
Design,ReportingServices,1,3.96E-04,0,0,0,0,,,,
MySQL,D3,1,0.5,0,0,0,0,,,,
Pentaho,OLAP,1,0.041666668,0,0,0,0,,,,
WebAnalytics,Design,4,2.13E-05,0,0,0,0,,,,
Marketing,CVS,2,7.58E-05,0,0,0,0,,,,
UX,BigData,1,8.93E-04,0,0,0,0,,,,
Excel,Monitoring,17,4.39E-04,0,0,0,0,,,,
SQL,MachineLearning,3,2.19E-04,0,0,0,0,,,,
Design,Python,2,4.40E-05,0,0,0,0,,,,
Development,HTML,1,9.16E-06,0,0,0,0,,,,
Excel,Finance,27,1.13E-04,0,0,0,0,,,,
Marketing,Tableau,9,8.52E-05,0,0,0,0,,,,
BusinessObjects,DataManagement,1,4.73E-04,0,0,0,0,,,,
Marketing,GIS,1,3.16E-05,0,0,0,0,,,,
Development,RelationalDatabase,2,3.66E-05,0,0,0,0,,,,
SQL,Java,3,3.65E-04,0,0,0,0,,,,
R,UX,1,1.15E-04,0,0,0,0,,,,
Reporting,Hadoop,1,3.73E-06,0,0,0,0,,,,
BusinessIntelligence,ComputerScience,1,2.49E-05,0,0,0,0,,,,
Visio,ETL,1,6.94E-04,0,0,0,0,,,,
SQL,Math,3,5.48E-04,0,0,0,0,,,,
Tableau,Architect,3,0.002222222,0,0,0,0,,,,
Adobe,JavaScript,5,0.005208333,0,0,0,0,,,,
Development,Agile,8,6.15E-05,0,0,0,0,,,,
Security,LeSS,1,0.00462963,0,0,0,0,,,,
SPSS,Design,11,1.81E-04,0,0,0,0,,,,
DataAnalysis,PerformanceTesting,1,0.041666668,0,0,0,0,,,,
Analyst,Prototype,2,7.42E-05,0,0,0,0,,,,
DataWarehouse,OLAP,1,0.009259259,0,0,0,0,,,,
Development,Security,2,1.53E-05,0,0,0,0,,,,
SharePoint,VBA,1,1.60E-04,0,0,0,0,,,,
D3,DataVisualization,1,1,0,0,0,0,,,,
Assurance,SoftwareDevelopment,1,2.39E-04,0,0,0,0,,,,
Analytics,ETL,3,1.89E-05,0,0,0,0,,,,
Analysis,NoSQL,1,1.17E-04,0,0,0,0,,,,
VBA,MATLAB,3,0.005769231,0,0,0,0,,,,
Analytics,GIS,1,6.72E-05,0,0,0,0,,,,
Analysis,Waterfall,2,2.34E-04,0,0,0,0,,,,
Assurance,DatabaseDesign,1,7.18E-04,0,0,0,0,,,,
Design,jQuery,3,2.97E-04,0,0,0,0,,,,
ComputerScience,AgileProjectManagement,1,0.020833334,0,0,0,0,,,,
UX,DataScience,1,0.016666668,0,0,0,0,,,,
Database,ComputerScience,2,1.83E-04,0,0,0,0,,,,
AgileProjectManagement,Couchbase,1,1,0,0,0,0,,,,
DataAnalysis,MsOffice,1,2.89E-04,0,0,0,0,,,,
Reporting,RiskManagement,8,7.97E-05,0,0,0,0,,,,
Statistics,Visualization,1,0.010752688,0,0,0,0,,,,
Analytic,Developer,1,1.37E-06,0,0,0,0,,,,
Modeling,BigData,1,1.49E-04,0,0,0,0,,,,
Marketing,Administrator,2,2.23E-06,0,0,0,0,,,,
RDBMS,PHP,1,0.25,0,0,0,0,,,,
Marketing,ETL,1,9.86E-07,0,0,0,0,,,,
Assurance,VBA,1,2.76E-05,0,0,0,0,,,,
Analytic,BusinessIntelligence,14,6.92E-05,0,0,0,0,,,,
Reporting,jQuery,3,1.96E-04,0,0,0,0,,,,
Adobe,HTML,2,0.002666667,0,0,0,0,,,,
Design,RiskManagement,7,9.23E-05,0,0,0,0,,,,
Tableau,Pig,1,0.011111111,0,0,0,0,,,,
BusinessObjects,DataWarehouse,1,3.86E-04,0,0,0,0,,,,
Excel,PHP,4,0.003305785,0,0,0,0,,,,
Design,MapReduce,2,7.91E-04,0,0,0,0,,,,
Statistics,NoSQL,1,0.010752688,0,0,0,0,,,,
Shell,ETL,1,0.010416667,0,0,0,0,,,,
Analytics,MachineLearning,3,1.21E-04,0,0,0,0,,,,
Assurance,ReportingServices,1,0.002155172,0,0,0,0,,,,
MapReduce,Cassandra,1,0.5,0,0,0,0,,,,
Analytic,AgileProjectManagement,1,2.96E-04,0,0,0,0,,,,
WebAnalytics,Assurance,1,7.26E-06,0,0,0,0,,,,
SAS,BusinessAnalytic,3,0.00102459,0,0,0,0,,,,
Development,Oracle,5,7.01E-05,0,0,0,0,,,,
Development,Network,10,2.42E-05,0,0,0,0,,,,
Analytic,Database,8,4.16E-05,0,0,0,0,,,,
Design,Hadoop,4,9.04E-05,0,0,0,0,,,,
R,ARM,1,3.83E-04,0,0,0,0,,,,
Analyst,Modeling,5,1.55E-05,0,0,0,0,,,,
Excel,ProjectManagement,25,0.002265478,0,0,0,0,,,,
Hadoop,Cassandra,1,0.014285714,0,0,0,0,,,,
BusinessAnalytic,Analysis,3,3.52E-04,0,0,0,0,,,,
Development,GO,12,1.10E-04,0,0,0,0,,,,
SAS,Visualization,1,3.42E-04,0,0,0,0,,,,
Cloud,PHP,1,0.011904762,0,0,0,0,,,,
SQL,Tableau,12,5.85E-04,3,1,0,0,,,,
GO,LeSS,2,0.003703704,0,0,0,0,,,,
Finance,Scrum,1,1.17E-05,0,0,0,0,,,,
SPSS,Reporting,9,8.02E-05,0,0,0,0,,,,
Marketing,MachineLearning,3,5.68E-05,0,0,0,0,,,,
Analysis,Visualization,1,1.17E-04,0,0,0,0,,,,
Analytics,SDK,1,2.01E-04,0,0,0,0,,,,
ARM,BigData,1,0.002976191,0,0,0,0,,,,
Analyst,T-SQL,1,3.71E-05,0,0,0,0,,,,
WebAnalytics,Reporting,4,1.41E-05,0,0,0,0,,,,
Marketing,Math,2,6.31E-05,0,0,0,0,,,,
Development,DataMining,1,4.58E-05,0,0,0,0,,,,
SQL,GIS,1,1.22E-04,0,0,0,0,,,,
Marketing,Java,3,9.47E-05,0,0,0,0,,,,
Programming,CRM,2,3.10E-05,0,0,0,0,,,,
StatisticalAnalysis,DataWarehouse,3,0.002136752,0,0,0,0,,,,
Assurance,SPSS,3,7.35E-05,0,0,0,0,,,,
Analysis,DataAnalysis,4,7.81E-05,0,0,0,0,,,,
SAS,DataAnalysis,1,1.42E-05,0,0,0,0,,,,
Analyst,Photoshop,1,3.71E-05,0,0,0,0,,,,
Marketing,SDK,1,9.47E-05,0,0,0,0,,,,
Analytics,Math,3,3.02E-04,0,0,0,0,,,,
Design,DatabaseDesign,1,1.32E-04,0,0,0,0,,,,
Analyst,Automation,7,4.33E-05,0,0,0,0,,,,
Prototype,R,1,5.75E-04,0,0,0,0,,,,
BusinessObjects,Pentaho,1,0.001736111,0,0,0,0,,,,
Programming,DataWarehouse,1,9.75E-05,0,0,0,0,,,,
Analytics,Java,3,2.01E-04,0,0,0,0,,,,
Reporting,VBA,14,6.57E-04,0,0,0,0,,,,
Solaris,DataWarehouse,1,0.018518519,0,0,0,0,,,,
Adobe,Agile,1,6.99E-05,0,0,0,0,,,,
Development,JavaScript,4,4.58E-05,0,0,0,0,,,,
Salesforce,VBA,1,0.006410256,0,0,0,0,,,,
Analyst,UX,1,3.71E-06,0,0,0,0,,,,
Development,UML,1,6.87E-05,0,0,0,0,,,,
SAS,XML,3,3.42E-04,0,0,0,0,,,,
StatisticalAnalysis,CRM,5,4.71E-04,0,0,0,0,,,,
Reporting,ReportingServices,1,2.61E-04,0,0,0,0,,,,
Analysis,XML,3,1.17E-04,0,0,0,0,,,,
SQL,ETL,5,9.52E-05,0,0,0,0,,,,
DataManagement,OLAP,1,0.011363637,0,0,0,0,,,,
Excel,CSS,1,2.75E-04,0,0,0,0,,,,
SQL,Administrator,2,8.60E-06,0,0,0,0,,,,
CRM,SDK,1,0.001470588,0,0,0,0,,,,
Programming,Analytics,4,1.70E-05,0,0,0,0,,,,
Excel,RiskManagement,7,1.93E-04,0,0,0,0,,,,
Design,PHP,3,8.90E-04,0,0,0,0,,,,
Adobe,Developer,1,4.63E-05,0,0,0,0,,,,
Programming,Visio,5,0.00877193,0,0,0,0,,,,
Marketing,StatisticalAnalysis,9,9.83E-05,0,0,0,0,,,,
Visio,Solaris,1,0.06666667,0,0,0,0,,,,
Analytic,Spring,1,3.69E-05,0,0,0,0,,,,
DataManagement,ETL,1,2.37E-04,0,0,0,0,,,,
SQL,OLAP,2,7.31E-04,0,0,0,0,,,,
Math,CRM,2,9.80E-04,0,0,0,0,,,,
Analyst,Visualization,1,3.71E-05,0,0,0,0,,,,
ETL,ApacheSpark,1,0.010416667,0,0,0,0,,,,
Assurance,Finance,8,2.59E-05,0,0,0,0,,,,
Programming,Marketing,10,4.98E-05,0,0,0,0,,,,
Assurance,Monitoring,5,9.90E-05,0,0,0,0,,,,
MsOffice,ARM,1,0.002314815,0,0,0,0,,,,
SAS,Modeling,3,5.12E-05,0,0,0,0,,,,
Design,ProjectManagement,29,0.001459097,0,0,1,0,,,,
Analytic,JavaScript,5,1.54E-04,0,0,0,0,,,,
Development,SSRS,1,1.53E-05,0,0,0,0,,,,
Developer,UnitTesting,2,0.009259259,0,0,0,0,,,,
StatisticalAnalysis,Analytics,7,1.27E-04,0,0,0,0,,,,
ComputerScience,HTML,1,0.001388889,0,0,0,0,,,,
Analysis,Modeling,2,7.81E-06,0,0,0,0,,,,
Finance,GAAP,1,1.88E-04,0,0,0,0,,,,
Excel,Hadoop,1,1.18E-05,0,0,0,0,,,,
Analyst,DataAnalysis,8,9.89E-05,0,0,0,0,,,,
Statistics,ARM,2,0.014336918,0,0,0,0,,,,
Reporting,Finance,23,2.59E-05,0,0,0,0,,,,
DataManagement,CVS,1,0.004545454,0,0,0,0,,,,
Finance,EDI,4,1.50E-04,0,0,0,0,,,,
Analysis,Photoshop,1,1.17E-04,0,0,0,0,,,,
Reporting,Monitoring,20,1.92E-04,0,0,0,0,,,,
Database,D3,1,0.002197802,0,0,0,0,,,,
Development,BusinessIntelligence,11,1.99E-05,0,0,0,0,,,,
Monitoring,EDI,4,0.001470588,0,0,0,0,,,,
Developer,DataConversion,2,0.00462963,0,0,0,0,,,,
CRM,MachineLearning,2,3.92E-04,0,0,0,0,,,,
Tableau,DataManagement,1,2.53E-04,0,0,0,0,,,,
Excel,Hudson,1,1.65E-04,0,0,0,0,,,,
SAS,T-SQL,1,3.42E-04,0,0,0,0,,,,
Marketing,BusinessObjects,5,4.93E-05,0,0,0,0,,,,
Analysis,UX,2,4.69E-05,0,0,0,0,,,,
Analytic,Network,9,4.22E-05,0,0,0,0,,,,
Development,Database,15,6.79E-05,0,0,0,0,,,,
Developer,Unix,1,0.00462963,0,0,0,0,,,,
StatisticalAnalysis,Architect,3,0.002564103,0,0,0,0,,,,
Analytic,Oracle,6,2.17E-04,0,0,0,0,,,,
ProjectManagement,MATLAB,3,0.001973684,0,0,0,0,,,,
SSRS,Cisco,1,0.111111112,0,0,0,0,,,,
Analytic,GO,9,1.33E-04,0,0,0,0,,,,
SAS,UX,1,3.42E-05,0,0,0,0,,,,
Analyst,XML,3,3.71E-05,0,0,0,0,,,,
Analysis,Automation,4,4.46E-05,0,0,0,0,,,,
ProjectManagement,SaaS,1,4.39E-04,0,0,0,0,,,,
Excel,DatabaseDesign,2,0.001101928,0,0,0,0,,,,
Math,Pentaho,1,0.013888889,0,0,0,0,,,,
Database,LeSS,1,3.66E-04,0,0,0,0,,,,
SAS,Automation,2,3.25E-05,0,0,0,0,,,,
Analytics,BusinessObjects,5,1.05E-04,0,0,0,0,,,,
Tableau,Oracle,4,0.003628118,0,0,0,0,,,,
Design,R,14,8.91E-05,0,0,0,0,,,,
Tableau,Network,1,1.96E-05,0,0,0,0,,,,
Analytic,ApacheSpark,1,2.96E-04,0,0,0,0,,,,
Developer,Solaris,1,0.00462963,0,0,0,0,,,,
Adobe,Analytics,8,1.29E-04,0,0,0,0,,,,
SQL,LeSS,1,6.09E-05,0,0,0,0,,,,
GIS,Spring,1,0.041666668,0,0,0,0,,,,
R,Cassandra,1,0.001149425,0,0,0,0,,,,
Excel,ProductManagement,1,4.13E-04,0,0,0,0,,,,
Programming,Developer,3,2.19E-04,0,0,0,0,,,,
Tableau,GO,1,6.17E-05,0,0,0,0,,,,
Development,SQL,37,6.87E-05,0,0,0,0,,,,
Excel,MsOffice,15,0.001291322,0,0,0,1,,,,
Analyst,GAAP,1,3.71E-05,0,0,0,0,,,,
Marketing,Adobe,8,6.06E-05,0,0,0,0,,,,
Windows,SharePoint,1,3.47E-04,0,0,0,0,,,,
DataMining,ETL,1,0.003472222,0,0,0,0,,,,
UX,jQuery,1,0.008333334,0,0,0,0,,,,
BigData,SaaS,1,8.93E-04,0,0,0,0,,,,
MATLAB,BigData,1,4.46E-04,0,0,0,0,,,,
Administrator,Spring,1,7.35E-04,0,0,0,0,,,,
Analyst,Assurance,27,5.83E-05,0,0,0,0,,,,
Finance,Visualization,1,1.88E-04,0,0,0,0,,,,
Analyst,Networking,1,1.24E-05,0,0,0,0,,,,
Excel,PerformanceTesting,1,8.26E-04,0,0,0,0,,,,
SSRS,OLAP,1,0.055555556,0,0,0,0,,,,
Analysis,Scrum,2,2.93E-05,0,0,0,0,,,,
BusinessIntelligence,OLAP,1,5.97E-04,0,0,0,0,,,,
Analyst,Salesforce,1,1.86E-05,0,0,0,0,,,,
GO,Administrator,2,1.31E-04,0,0,0,0,,,,
HTML,SDK,1,0.06666667,0,0,0,0,,,,
GO,ETL,2,2.31E-04,0,0,0,0,,,,
Network,Administrator,2,4.15E-05,0,0,0,0,,,,
Oracle,ETL,1,2.13E-04,0,0,0,0,,,,
SQL,Cisco,1,3.65E-04,0,0,0,0,,,,
Excel,Tools,6,4.13E-04,0,0,0,0,,,,
Analyst,EDI,5,4.64E-05,0,0,0,0,,,,
Automation,VBA,2,0.001221001,0,0,0,0,,,,
Analyst,Reporting,82,6.52E-05,0,0,0,0,,,,
SharePoint,ActiveDirectory,1,0.00625,0,0,0,0,,,,
R,MATLAB,5,0.001436782,0,0,0,0,,,,
CustomerSupport,HTTP,1,0.007142857,0,0,0,0,,,,
Analytic,.Net,1,2.96E-04,0,0,0,0,,,,
WebAnalytics,UX,2,0.001346801,0,0,0,0,,,,
Tableau,DataMining,1,0.003703704,0,0,0,0,,,,
Design,C++,1,3.30E-05,0,0,0,0,,,,
BigData,Cassandra,1,0.008928572,0,0,0,0,,,,
Math,MySQL,1,0.083333336,0,0,0,0,,,,
Database,OLAP,1,0.001098901,0,0,0,0,,,,
Design,BigData,3,3.18E-05,0,0,0,0,,,,
WebAnalytics,Automation,1,8.02E-05,0,0,0,0,,,,
Oracle,GIS,1,0.006802721,0,0,0,0,,,,
Development,MsAccess,3,2.47E-04,0,0,0,0,,,,
Monitoring,XML,3,0.001838235,0,0,0,0,,,,
Excel,Statistics,18,0.002879232,0,0,1,1,,,,
Python,UX,1,0.002777778,0,0,0,0,,,,
CRM,ComputerScience,2,1.23E-04,0,0,0,0,,,,
Visio,Unix,1,0.06666667,0,0,0,0,,,,
Design,MsOffice,9,2.23E-04,0,0,0,0,,,,
Unix,DataWarehouse,1,0.018518519,0,0,0,0,,,,
Database,ETL,1,2.29E-05,0,0,0,0,,,,
BusinessObjects,RelationalDatabase,3,0.0125,0,0,0,0,,,,
SPSS,XML,3,0.003787879,0,0,0,0,,,,
Database,Administrator,5,3.23E-04,0,0,0,0,,,,
Marketing,ComputerScience,5,4.93E-05,0,0,0,0,,,,
ProjectManagement,ARM,1,0.001461988,0,0,0,0,,,,
BusinessIntelligence,GIS,1,3.98E-04,0,0,0,0,,,,
Tools,SharePoint,2,6.94E-04,0,0,0,0,,,,
Excel,R,18,3.08E-04,0,0,0,0,,,,
Assurance,Analysis,17,7.30E-05,0,0,0,0,,,,
Analytics,Couchbase,1,2.01E-04,0,0,0,0,,,,
SPSS,DataAnalysis,1,1.58E-04,0,0,0,0,,,,
Design,PerformanceTesting,1,3.96E-04,0,0,0,0,,,,
BusinessIntelligence,ETL,2,4.98E-05,0,0,0,0,,,,
Assurance,CustomerSupport,4,4.93E-04,0,0,0,0,,,,
Analyst,Scrum,2,9.28E-06,0,0,0,0,,,,
SAS,Assurance,5,1.84E-05,0,0,0,0,,,,
BusinessAnalytic,WebAnalytics,3,0.01010101,0,0,0,0,,,,
Oracle,OLAP,1,0.010204081,0,0,0,0,,,,
Analytic,MsAccess,1,5.91E-05,0,0,0,0,,,,
Statistics,MATLAB,4,0.008602151,0,0,0,0,,,,
Excel,DataScience,2,5.51E-04,0,0,0,0,,,,
Cloud,ActiveDirectory,1,0.023809524,0,0,0,0,,,,
XML,jQuery,3,0.083333336,0,0,0,0,,,,
Finance,Modeling,1,3.13E-06,0,0,0,0,,,,
Analytics,ComputerScience,7,2.06E-04,0,0,0,0,,,,
Assurance,C,3,8.43E-05,0,0,0,0,,,,
Hardware,ActiveDirectory,1,0.020833334,0,0,0,0,,,,
StatisticalAnalysis,HTML,1,8.55E-04,0,0,0,0,,,,
Development,ApacheSpark,1,1.37E-04,0,0,0,0,,,,
Analysis,EDI,5,1.46E-04,0,0,0,0,,,,
Tableau,Database,3,2.20E-04,0,0,0,0,,,,
Analysis,Reporting,61,1.14E-04,0,0,0,0,,,,
Analyst,HTTP,2,7.42E-05,0,0,0,0,,,,
Developer,SDK,1,0.00462963,0,0,0,0,,,,
Analyst,RDBMS,1,3.71E-05,0,0,0,0,,,,
Windows,Cloud,3,0.011904762,0,0,0,0,,,,
Reporting,CustomerSupport,4,5.98E-05,0,0,0,0,,,,
Design,Tools,5,1.37E-04,0,0,0,0,,,,
DataMining,OLAP,1,0.166666672,0,0,0,0,,,,
Adobe,CRM,2,5.88E-05,0,0,0,0,,,,
EDI,CustomerSupport,4,0.011428571,0,0,0,0,,,,
MATLAB,ProductManagement,1,0.025,0,0,0,0,,,,
Excel,Troubleshooting,1,8.26E-04,0,0,0,0,,,,
SAS,Reporting,18,2.89E-05,0,0,0,0,,,,
Windows,Hardware,2,0.00462963,0,0,0,0,,,,
Development,SoftwareDesign,1,1.37E-04,0,0,0,0,,,,
GO,API,1,6.17E-04,0,0,0,0,,,,
SQL,Analytic,38,1.56E-04,0,0,0,0,,,,
Analysis,Salesforce,1,5.86E-05,0,0,0,0,,,,
C,Reporting,7,5.57E-05,0,0,0,0,,,,
BusinessAnalytic,SPSS,3,0.011363637,0,0,0,0,,,,
NoSQL,Hadoop,1,0.014285714,0,0,0,0,,,,
Network,API,1,1.96E-04,0,0,0,0,,,,
VBA,XML,3,0.012820513,0,0,0,0,,,,
Database,CVS,1,4.40E-04,0,0,0,0,,,,
ETL,SSRS,1,0.001157407,0,0,0,0,,,,
Excel,Windows,2,9.18E-05,0,0,0,0,,,,
Statistics,Cassandra,1,0.010752688,0,0,0,0,,,,
Finance,UX,1,1.88E-05,0,0,0,0,,,,
BusinessIntelligence,Tableau,6,4.78E-04,0,0,0,0,,,,
Design,Statistics,16,0.00108888,0,0,0,1,,,,
MapReduce,NoSQL,1,0.5,0,0,0,0,,,,
Programming,Agile,4,5.89E-04,0,0,0,0,,,,
Analytic,Pig,1,2.96E-04,0,0,0,0,,,,
Excel,BigData,2,2.95E-05,0,0,0,0,,,,
Development,DataManagement,4,5.00E-05,0,0,0,0,,,,
WebAnalytics,XML,3,0.003367003,0,0,0,0,,,,
Excel,C++,1,6.89E-05,0,0,0,0,,,,
Finance,ARM,1,6.25E-05,0,0,0,0,,,,
Assurance,MsOffice,4,2.39E-04,0,0,0,0,,,,
Analyst,Hardware,3,1.39E-05,0,0,0,0,,,,
Reporting,Statistics,8,1.80E-04,0,0,0,0,,,,
Analyst,Cloud,3,1.59E-05,0,0,0,0,,,,
Analysis,PeopleSoft,1,2.34E-05,0,0,0,0,,,,
BusinessObjects,DataMining,1,0.006944444,0,0,0,0,,,,
Windows,HTTP,1,0.013888889,0,0,0,0,,,,
Windows,RDBMS,1,0.027777778,0,0,0,0,,,,
Programming,GO,2,1.17E-04,0,0,0,0,,,,
C,PeopleSoft,1,8.70E-04,0,0,0,0,,,,
BusinessIntelligence,Math,1,1.99E-04,0,0,0,0,,,,
Programming,Network,4,1.49E-04,0,0,0,0,,,,
WebAnalytics,UI,1,0.003367003,0,0,0,0,,,,
SQL,ComputerScience,5,1.90E-04,0,0,0,0,,,,
BusinessIntelligence,Java,3,0.001194743,0,0,0,0,,,,
Programming,Oracle,1,1.07E-04,0,0,0,0,,,,
CSS,UX,1,0.033333335,0,0,0,0,,,,
SAS,Cassandra,1,3.42E-04,0,0,0,0,,,,
ETL,SSIS,2,0.00462963,0,0,0,0,,,,
Analysis,Design,54,1.35E-04,0,0,0,0,,,,
SQL,Boost,1,3.65E-04,0,0,0,0,,,,
Excel,Analyst,113,3.92E-04,0,0,0,0,,,,
SAS,Design,24,7.78E-05,0,0,0,0,,,,
StatisticalAnalysis,Oracle,3,0.002354788,0,0,0,0,,,,
SQL,VersionControl,1,3.65E-04,0,0,0,0,,,,
Design,CustomerSupport,5,1.41E-04,0,0,0,0,,,,
Reporting,Tools,3,3.27E-05,0,0,0,0,,,,
Analytic,Architect,3,5.91E-05,0,0,0,0,,,,
Development,Pentaho,2,4.58E-05,0,0,0,0,,,,
Analysis,Cassandra,1,1.17E-04,0,0,0,0,,,,
Agile,API,1,7.77E-04,0,0,0,0,,,,
Math,Database,1,3.66E-04,0,0,0,0,,,,
C,Design,6,6.19E-05,0,0,0,0,,,,
VBA,Waterfall,2,0.025641026,0,0,0,0,,,,
Marketing,DataDriven,1,9.47E-05,0,0,0,0,,,,
Finance,Prototype,1,9.38E-05,0,0,0,0,,,,
Analytic,Marketing,48,6.45E-05,0,0,0,0,,,,
ProjectManagement,Photoshop,1,0.004385965,0,0,0,0,,,,
Development,DataWarehouse,4,4.07E-05,0,0,0,0,,,,
Developer,ETL,1,4.82E-05,0,0,0,0,,,,
C,MATLAB,3,0.001956522,0,0,0,0,,,,
Programming,Spring,1,6.58E-04,0,0,0,0,,,,
Analytics,DataDriven,1,2.01E-04,0,0,0,0,,,,
MsOffice,EDI,1,3.47E-04,0,0,0,0,,,,
Reporting,MsOffice,9,1.47E-04,0,0,0,0,,,,
Analysis,SaaS,1,1.17E-05,0,0,0,0,,,,
Analytic,Visio,5,4.93E-04,0,0,0,0,,,,
Assurance,Statistics,3,2.09E-04,0,0,0,0,,,,
BusinessObjects,Oracle,1,4.25E-04,0,0,0,0,,,,
CRM,LeSS,1,2.45E-04,0,0,0,0,,,,
Analytic,Analytics,46,1.26E-04,0,0,0,0,,,,
R,HTTP,1,5.75E-04,0,0,0,0,,,,
Analysis,SharePoint,4,2.34E-05,0,0,0,0,,,,
Development,CRM,13,3.41E-05,0,0,0,0,,,,
SAS,MATLAB,4,2.73E-04,0,0,0,0,,,,
Analysis,MATLAB,4,9.38E-05,0,0,0,0,,,,
StatisticalAnalysis,JavaScript,1,2.67E-04,0,0,0,0,,,,
Analytic,iPad,1,2.96E-04,0,0,0,0,,,,
SAS,SharePoint,1,4.27E-06,0,0,0,0,,,,
C,Cloud,1,2.07E-04,0,0,0,0,,,,
Assurance,R,4,3.96E-05,0,0,0,0,,,,
JavaScript,SDK,1,0.020833334,0,0,0,0,,,,
BusinessIntelligence,BusinessObjects,6,8.96E-04,0,0,0,0,,,,
C,Hardware,1,1.81E-04,0,0,0,0,,,,
Reporting,BigData,1,2.33E-06,0,0,0,0,,,,
GO,MachineLearning,1,3.70E-04,0,0,0,0,,,,
Marketing,LeSS,4,2.53E-04,0,0,0,0,,,,
SQL,REST,1,1.83E-04,0,0,0,0,,,,
Tableau,MySQL,2,0.022222223,0,0,0,0,,,,
R,GAAP,1,0.001149425,0,0,0,0,,,,
Development,Marketing,43,2.41E-05,0,0,0,0,,,,
Analyst,PeopleSoft,1,7.42E-06,0,0,0,0,,,,
Analytic,DataWarehouse,3,4.93E-05,0,0,0,0,,,,
Reporting,Windows,1,7.26E-06,0,0,0,0,,,,
SQL,CommandLine,1,3.65E-04,0,0,0,0,,,,
Java,JavaScript,3,0.020833334,0,0,0,0,,,,
Excel,C,9,2.91E-04,0,0,0,0,,,,
CRM,DataDriven,1,0.001470588,0,0,0,0,,,,
Database,BusinessObjects,2,1.83E-04,0,0,0,0,,,,
Development,Visio,8,5.86E-04,0,0,0,0,,,,
SQL,Adobe,6,1.32E-04,0,0,0,0,,,,
Analytics,LeSS,1,3.36E-05,0,0,0,0,,,,
Unix,Shell,1,1,0,0,0,0,,,,
Reporting,Troubleshooting,1,2.61E-04,0,0,0,0,,,,
Excel,SAS,34,3.26E-04,0,0,0,0,,,,
Analyst,Design,72,7.61E-05,0,0,0,0,,,,
Analytic,CRM,14,8.52E-05,0,0,0,0,,,,
Development,Analytics,29,2.33E-05,0,0,0,0,,,,
Excel,CustomerSupport,5,2.95E-04,0,0,0,0,,,,
Analyst,Cassandra,1,3.71E-05,0,0,0,0,,,,
Marketing,D3,1,9.47E-05,0,0,0,0,,,,
Excel,Analysis,88,7.50E-04,0,0,0,0,,,,
SSIS,OLAP,1,0.055555556,0,0,0,0,,,,
StatisticalAnalysis,BusinessIntelligence,3,1.38E-04,0,0,0,0,,,,
DataAnalysis,ProjectManagement,2,7.31E-04,0,0,0,0,,,,
Developer,API,1,5.14E-04,0,0,0,0,,,,
PHP,XML,3,0.25,0,0,0,0,,,,
SQL,React,1,1.22E-04,0,0,0,0,,,,
Tableau,DataVisualization,1,0.011111111,0,0,0,0,,,,
Programming,Database,8,7.40E-04,0,0,0,0,,,,
Hadoop,UX,1,0.001428571,0,0,0,0,,,,
Reporting,R,9,2.43E-05,0,0,0,0,,,,
Assurance,C++,1,1.80E-04,0,0,0,0,,,,
Analyst,SharePoint,5,1.16E-05,0,0,0,0,,,,
Assurance,BigData,1,1.92E-05,0,0,0,0,,,,
Analytic,Pentaho,2,9.85E-05,0,0,0,0,,,,
StatisticalAnalysis,AgileProjectManagement,1,0.012820513,0,0,0,0,,,,
Development,Architect,3,2.75E-05,0,0,0,0,,,,
Analyst,MATLAB,5,4.64E-05,0,0,0,0,,,,
Agile,Tableau,1,7.77E-05,0,0,0,0,,,,
Programming,BusinessIntelligence,2,2.52E-05,0,0,0,0,,,,
Assurance,SoftwareEngineering,1,0.001077586,0,0,0,0,,,,
Analyst,SaaS,1,3.71E-06,0,0,0,0,,,,
MsOffice,HTTP,1,0.003472222,0,0,0,0,,,,
BusinessIntelligence,Solaris,1,0.001194743,0,0,0,0,,,,
GO,Math,2,0.003703704,0,0,0,0,,,,
GO,Java,3,0.005555556,0,0,0,0,,,,
Marketing,CustomerSupport,5,3.38E-05,0,0,0,0,,,,
SoftwareEngineering,SoftwareDesign,1,0.5,0,0,0,0,,,,
Database,SoftwareDevelopment,1,2.44E-04,0,0,0,0,,,,
SAS,Marketing,32,3.31E-05,0,0,0,0,,,,
Tools,MsAccess,1,0.002777778,0,0,0,0,,,,
SQL,PerformanceTesting,1,3.65E-04,0,0,0,0,,,,
Marketing,Analysis,57,3.61E-05,0,0,0,0,,,,
VBA,Developer,1,5.94E-05,0,0,0,0,,,,
React,RDBMS,1,0.333333343,0,0,0,0,,,,
Excel,D3,1,8.26E-04,0,0,0,0,,,,
Marketing,C,7,2.02E-05,0,0,0,0,,,,
BusinessIntelligence,DatabaseDesign,1,3.98E-04,0,0,0,0,,,,
GO,PHP,3,0.0125,0,0,0,0,,,,
GO,ProjectManagement,6,8.77E-04,0,0,0,0,,,,
Development,Excel,57,3.69E-04,0,0,0,0,,,,
Analytic,MATLAB,4,2.36E-04,0,0,0,0,,,,
DataManagement,BigData,1,2.03E-04,0,0,0,0,,,,
Finance,HTML,1,1.25E-05,0,0,0,0,,,,
SAS,Analytics,36,8.92E-05,0,0,0,0,,,,
Finance,MySQL,1,9.38E-05,0,0,0,0,,,,
Analyst,Pentaho,3,2.78E-05,0,0,0,0,,,,
Analysis,Analytics,43,4.37E-05,0,0,0,0,,,,
ETL,NoSQL,1,0.010416667,0,0,0,0,,,,
SQL,MsOffice,6,9.14E-05,0,0,0,0,,,,
ProjectManagement,Network,4,1.24E-04,0,0,0,0,,,,
C,Visio,1,2.90E-04,0,0,0,0,,,,
Statistics,Shell,1,0.010752688,0,0,0,0,,,,
SaaS,DataDriven,1,0.100000001,0,0,0,0,,,,
SSRS,Hadoop,1,0.001587302,0,0,0,0,,,,
ProjectManagement,Oracle,5,0.002237737,0,0,0,0,,,,
CSS,JavaScript,2,0.027777778,0,0,0,0,,,,
SPSS,Swift,2,0.005050505,0,0,0,0,,,,
WebAnalytics,Developer,1,1.56E-05,0,0,0,0,,,,
Analysis,Visio,12,0.001125044,0,0,1,0,,,,
C,Analytics,7,4.29E-05,0,0,0,0,,,,
Java,XML,3,0.111111112,0,0,0,0,,,,
Excel,LeSS,2,5.51E-04,0,0,0,0,,,,
Database,DatabaseDesign,2,0.002930403,0,0,0,0,,,,
Visio,CustomerSupport,4,0.015238095,0,0,0,0,,,,
SAS,Visio,1,2.28E-05,0,0,0,0,,,,
Analytic,SaaS,1,2.96E-05,0,0,0,0,,,,
RDBMS,CommandLine,1,1,0,0,0,0,,,,
PHP,JavaScript,3,0.046875,0,0,0,0,,,,
Monitoring,Security,1,5.11E-05,0,0,0,0,,,,
SQL,Statistics,15,8.84E-04,0,0,0,0,,,,
MsOffice,Shell,1,0.006944444,0,0,0,0,,,,
DataManagement,R,2,1.04E-04,0,0,0,0,,,,
ProjectManagement,DataMining,1,0.001461988,0,0,0,0,,,,
Database,RiskManagement,1,1.05E-05,0,0,0,0,,,,
Tools,TCP,1,0.006944444,0,0,0,0,,,,
ProjectManagement,Spring,1,5.48E-04,0,0,0,0,,,,
Analyst,DataWarehouse,5,1.72E-05,0,0,0,0,,,,
Reporting,ComputerScience,1,5.45E-06,0,0,0,0,,,,
REST,RDBMS,1,0.5,0,0,0,0,,,,
BusinessIntelligence,Hadoop,2,6.83E-05,0,0,0,0,,,,
Agile,Finance,7,6.43E-05,0,0,0,0,,,,
Agile,Monitoring,4,2.06E-04,0,0,0,0,,,,
SQL,Tools,6,1.83E-04,0,0,0,0,,,,
Reporting,Boost,1,2.61E-04,0,0,0,0,,,,
Statistics,Pig,1,0.010752688,0,0,0,0,,,,
Design,DataDriven,1,3.96E-04,0,0,0,0,,,,
C,Architect,3,8.70E-04,0,0,0,0,,,,
RiskManagement,FinTech,1,0.001587302,0,0,0,0,,,,
Math,Visualization,1,0.166666672,0,0,0,0,,,,
VBA,SSIS,1,0.001424501,0,0,0,0,,,,
Analysis,Architect,3,2.34E-05,0,0,0,0,,,,
Analytic,Cassandra,1,2.96E-04,0,0,0,0,,,,
SAS,Architect,3,6.83E-05,0,0,0,0,,,,
VBA,Swift,1,0.004273504,0,0,0,0,,,,
ProjectManagement,JavaScript,1,9.14E-05,0,0,0,0,,,,
Database,Hadoop,1,3.14E-05,0,0,0,0,,,,
Excel,Cisco,1,8.26E-04,0,0,0,0,,,,
Analyst,CRM,19,1.97E-05,0,0,0,0,,,,
Analytic,Design,27,8.52E-05,0,0,0,0,,,,
DataAnalysis,BusinessObjects,1,8.68E-04,0,0,0,0,,,,
Assurance,Adobe,1,2.16E-05,0,0,0,0,,,,
Modeling,MachineLearning,1,0.001111111,0,0,0,0,,,,
SQL,DataScience,2,2.44E-04,0,0,0,0,,,,
GO,RiskManagement,3,2.38E-04,0,0,0,0,,,,
ActiveDirectory,TCP,1,0.25,0,0,0,0,,,,
Network,MapReduce,1,8.82E-04,0,0,0,0,,,,
R,Pig,1,0.001149425,0,0,0,0,,,,
Development,PeopleSoft,1,2.75E-05,0,0,0,0,,,,
Statistics,ApacheSpark,1,0.010752688,0,0,0,0,,,,
Automation,SDK,1,0.023809524,0,0,0,0,,,,
MsAccess,Troubleshooting,1,0.200000003,0,0,0,0,,,,
Analyst,Marketing,72,1.82E-05,0,0,0,0,,,,
Reporting,React,1,8.71E-05,0,0,0,0,,,,
Design,LeSS,1,6.59E-05,0,0,0,0,,,,
Statistics,DataManagement,2,9.78E-04,0,0,0,0,,,,
Analyst,Visio,15,5.57E-04,0,0,0,0,,,,
Finance,Developer,2,3.47E-06,0,0,0,0,,,,
SPSS,Agile,1,2.65E-05,0,0,0,0,,,,
SPSS,RelationalDatabase,3,0.002272727,0,0,0,0,,,,
DatabaseDesign,UML,1,0.166666672,0,0,0,0,,,,
SQL,R,18,1.36E-04,0,0,0,0,,,,
WebAnalytics,HTML,2,8.98E-04,0,0,0,0,,,,
Analysis,Pentaho,3,8.79E-05,0,0,0,0,,,,
Analyst,iPad,1,3.71E-05,0,0,0,0,,,,
HTML,Python,1,0.001851852,0,0,0,0,,,,
Network,Hadoop,1,2.52E-05,0,0,0,0,,,,
ProjectManagement,SSRS,1,4.87E-04,0,0,0,0,,,,
Development,Design,46,1.15E-04,0,0,0,0,,,,
Analyst,Analytics,48,1.72E-05,0,0,0,0,,,,
SAS,Pentaho,2,1.14E-04,0,0,0,0,,,,
Oracle,Hadoop,1,2.92E-04,0,0,0,0,,,,
Analytic,Cloud,1,1.41E-05,0,0,0,0,,,,
BusinessIntelligence,ProjectManagement,10,5.24E-04,0,0,0,0,,,,
Reporting,REST,1,1.31E-04,0,0,0,0,,,,
ComputerScience,RDBMS,1,0.020833334,0,0,0,0,,,,
Analysis,DataWarehouse,3,1.95E-05,0,0,0,0,,,,
SQL,BigData,3,2.94E-05,0,0,0,0,,,,
SAS,DataWarehouse,6,2.28E-04,0,0,0,0,,,,
GO,SoftwareDevelopment,1,6.17E-04,0,0,0,0,,,,
SQL,C++,1,3.05E-05,0,0,0,0,,,,
MsOffice,DataManagement,2,6.31E-04,0,0,0,0,,,,
SQL,Windows,1,1.02E-05,0,0,0,0,,,,
Reporting,CommandLine,1,2.61E-04,0,0,0,0,,,,
WebAnalytics,Agile,1,2.35E-05,0,0,0,0,,,,
DataMining,Hadoop,1,0.004761905,0,0,0,0,,,,
WebAnalytics,RelationalDatabase,3,0.002020202,0,0,0,0,,,,
C,DataWarehouse,3,7.25E-04,0,0,0,0,,,,
HTML,jQuery,1,0.005555556,0,0,0,0,,,,
Analyst,Architect,4,1.32E-05,0,0,0,0,,,,
Adobe,Reporting,4,4.18E-05,0,0,0,0,,,,
Development,MATLAB,3,6.18E-05,0,0,0,0,,,,
Excel,Analytic,40,3.91E-04,0,0,0,0,,,,
BigData,Pig,1,0.008928572,0,0,0,0,,,,
SAS,CRM,9,4.07E-05,0,0,0,0,,,,
Analysis,CRM,15,3.88E-05,0,0,0,0,,,,
Development,SharePoint,2,6.87E-06,0,0,0,0,,,,
Hadoop,JavaScript,1,2.98E-04,0,0,0,0,,,,
Database,ProjectManagement,10,9.64E-04,0,0,0,0,,,,
C,CRM,4,1.02E-04,0,0,0,0,,,,
GO,DatabaseDesign,1,0.001851852,0,0,0,0,,,,
Programming,DataAnalysis,1,2.19E-04,0,0,0,0,,,,
Math,Modeling,1,0.002777778,0,0,0,0,,,,
VBA,RelationalDatabase,1,8.55E-04,0,0,0,0,,,,
BusinessAnalytic,BusinessObjects,3,0.0625,0,0,0,0,,,,
BusinessIntelligence,PHP,3,0.002688172,0,0,0,0,,,,
SQL,Troubleshooting,1,3.65E-04,0,0,0,0,,,,
ARM,ETL,1,0.003472222,0,0,0,0,,,,
Windows,TCP,1,0.013888889,0,0,0,0,,,,
Reporting,Cisco,1,2.61E-04,0,0,0,0,,,,
Tableau,Modeling,1,1.85E-04,0,0,0,0,,,,
Pentaho,ProductManagement,1,0.041666668,0,0,0,0,,,,
Tools,CRM,2,8.17E-05,0,0,0,0,,,,
Adobe,Design,4,6.33E-05,0,0,0,0,,,,
Marketing,DataScience,1,1.58E-05,0,0,0,0,,,,
Analytic,RDBMS,1,2.96E-04,0,0,0,0,,,,
Analytics,R,17,6.69E-05,0,0,0,0,,,,
ComputerScience,Cloud,1,9.92E-04,0,0,0,0,,,,
Statistics,DataWarehouse,4,0.003185982,0,0,0,0,,,,
Agile,DatabaseDesign,1,0.002331002,0,0,0,0,,,,
GO,VBA,5,0.001780627,0,0,0,0,,,,
SPSS,JavaScript,3,7.10E-04,0,0,0,0,,,,
Excel,Boost,1,8.26E-04,0,0,0,0,,,,
SQL,Analyst,66,5.91E-05,0,0,0,0,,,,
VBA,Oracle,4,0.00418629,0,0,0,0,,,,
Excel,VersionControl,1,8.26E-04,0,0,0,0,,,,
JavaScript,jQuery,4,0.027777778,0,0,0,0,,,,
Statistics,CRM,6,5.69E-04,0,0,0,0,,,,
ETL,T-SQL,1,0.010416667,0,0,0,0,,,,
Analytics,DataScience,2,1.34E-04,0,0,0,0,,,,
Assurance,LeSS,1,3.59E-04,0,0,0,0,,,,
Marketing,R,20,4.35E-05,0,0,0,0,,,,
Windows,Architect,1,6.17E-04,0,0,0,0,,,,
Excel,ComputerScience,2,6.89E-05,0,0,0,0,,,,
SPSS,DataMining,1,0.001262626,0,0,0,0,,,,
HTML,Hadoop,1,9.52E-04,0,0,0,0,,,,
WebAnalytics,GO,3,1.68E-04,0,0,0,0,,,,
Analyst,TCP,2,7.42E-05,0,0,0,0,,,,
Analyst,Pig,1,3.71E-05,0,0,0,0,,,,
Development,Assurance,17,8.56E-05,6,3,0,0,,,,
ProjectManagement,Developer,2,8.12E-05,0,0,0,0,,,,
BigData,Architect,1,1.98E-04,0,0,0,0,,,,
Marketing,BigData,4,1.35E-05,0,0,0,0,,,,
Reporting,LeSS,2,1.74E-04,0,0,0,0,,,,
SPSS,GO,4,3.37E-04,0,0,0,0,,,,
SPSS,Oracle,5,0.001932591,0,0,0,0,,,,
Development,Salesforce,2,2.75E-04,0,0,0,0,,,,
VBA,JavaScript,3,0.002403846,0,0,0,0,,,,
Finance,FinTech,1,6.25E-05,0,0,0,0,,,,
CRM,MsOffice,1,1.02E-05,0,0,0,0,,,,
Analysis,SoftwareDesign,1,1.17E-04,0,0,0,0,,,,
Marketing,Windows,1,2.63E-06,0,0,0,0,,,,
R,Architect,3,2.30E-04,0,0,0,0,,,,
BusinessIntelligence,Finance,3,2.02E-06,0,0,0,0,,,,
Analysis,ApacheSpark,1,1.17E-04,0,0,0,0,,,,
Development,EDI,5,1.72E-04,0,0,0,0,,,,
BusinessIntelligence,Monitoring,6,7.91E-05,0,0,0,0,,,,
Development,Reporting,44,6.95E-05,0,0,0,0,,,,
Analytics,BigData,7,8.81E-05,0,0,0,0,,,,
MsOffice,DataWarehouse,1,1.29E-04,0,0,0,0,,,,
SAS,DataManagement,3,6.99E-05,0,0,0,0,,,,
VBA,Spring,1,0.001602564,0,0,0,0,,,,
Analysis,DataManagement,3,2.40E-05,0,0,0,0,,,,
Analytics,C++,1,1.68E-05,0,0,0,0,,,,
Design,Unix,1,3.96E-04,0,0,0,0,,,,
WebAnalytics,JavaScript,5,0.001753648,0,0,0,0,,,,
Monitoring,Database,4,6.46E-05,0,0,0,0,,,,
Database,Finance,7,2.02E-05,0,0,0,0,,,,
Analyst,Shell,1,3.71E-05,0,0,0,0,,,,
Python,JavaScript,1,5.79E-04,0,0,0,0,,,,
Statistics,Pentaho,1,8.96E-04,0,0,0,0,,,,
Analyst,MsAccess,5,1.86E-04,0,0,0,0,,,,
GO,jQuery,3,0.004166667,0,0,0,0,,,,
RiskManagement,Security,2,5.29E-04,0,0,0,0,,,,
Tableau,Visualization,1,0.011111111,0,0,0,0,,,,
SAS,SQL,48,2.88E-04,0,0,0,0,,,,
SQL,CustomerSupport,4,8.35E-05,0,0,0,0,,,,
Cloud,CommandLine,1,0.047619049,0,0,0,0,,,,
SPSS,Database,3,7.49E-05,0,0,0,0,,,,
DataWarehouse,BigData,1,1.65E-04,0,0,0,0,,,,
Analytics,MsOffice,2,5.60E-06,0,0,0,0,,,,
SQL,Analysis,55,1.30E-04,0,0,0,0,,,,
VBA,SSRS,1,0.001424501,0,0,0,0,,,,
Analyst,.Net,1,3.71E-05,0,0,0,0,,,,
R,Pentaho,1,9.58E-05,0,0,0,0,,,,
Visio,MsOffice,2,0.001851852,0,0,0,0,,,,
SQL,C,8,1.02E-04,0,0,0,0,,,,
REST,Cloud,1,0.023809524,0,0,0,0,,,,
Analytic,EDI,4,2.36E-04,0,0,0,0,,,,
Analytics,ProductManagement,2,4.03E-04,0,0,0,0,,,,
Analytic,Reporting,23,4.09E-05,0,0,0,0,,,,
Network,Hive,1,8.82E-04,0,0,0,0,,,,
BusinessIntelligence,jQuery,3,8.96E-04,0,0,0,0,,,,
Excel,Adobe,6,2.98E-04,0,0,0,0,,,,
CRM,BigData,2,5.25E-05,0,0,0,0,,,,
SAS,Pig,1,3.42E-04,0,0,0,0,,,,
Development,Scrum,1,8.59E-06,0,0,0,0,,,,
Solaris,ARM,1,0.333333343,0,0,0,0,,,,
SPSS,BusinessIntelligence,11,5.48E-04,3,3,0,0,,,,
Programming,ARM,1,0.001754386,0,0,0,0,,,,
Analysis,Pig,1,1.17E-04,0,0,0,0,,,,
Design,Couchbase,1,3.96E-04,0,0,0,0,,,,
Excel,CommandLine,1,8.26E-04,0,0,0,0,,,,
Marketing,MsOffice,7,3.22E-05,0,0,0,0,,,,
Monitoring,Oracle,3,3.38E-04,0,0,0,0,,,,
Adobe,Hardware,1,4.17E-04,0,0,0,0,,,,
Finance,Network,6,1.19E-05,0,0,0,0,,,,
Design,ComputerScience,3,7.42E-05,0,0,0,0,,,,
Finance,Oracle,2,1.53E-05,0,0,0,0,,,,
Monitoring,Network,6,1.17E-04,0,0,0,0,,,,
Visio,PerformanceTesting,1,0.06666667,0,0,0,0,,,,
GO,Finance,5,2.61E-05,0,0,0,0,,,,
Adobe,Cloud,1,4.76E-04,0,0,0,0,,,,
Marketing,ProductManagement,1,4.73E-05,0,0,0,0,,,,
Monitoring,GO,3,9.19E-05,0,0,0,0,,,,
ProjectManagement,HTML,1,2.92E-04,0,0,0,0,,,,
Statistics,Architect,3,0.002150538,0,0,0,0,,,,
Excel,REST,1,4.13E-04,0,0,0,0,,,,
Agile,ProjectManagement,4,4.91E-04,0,0,0,0,,,,
Marketing,Statistics,16,2.61E-04,0,0,0,0,,,,
React,Cloud,1,0.015873017,0,0,0,0,,,,
Analytics,Tools,6,1.01E-04,0,0,0,0,,,,
Analyst,SoftwareDesign,1,3.71E-05,0,0,0,0,,,,
CRM,R,7,8.28E-05,0,0,0,0,,,,
Analyst,ApacheSpark,1,3.71E-05,0,0,0,0,,,,
Development,HTTP,1,6.87E-05,0,0,0,0,,,,
SSIS,Hadoop,1,0.001587302,0,0,0,0,,,,
WebAnalytics,BusinessIntelligence,6,1.45E-04,0,0,0,0,,,,
Finance,DataMining,1,6.25E-05,0,0,0,0,,,,
DatabaseDesign,UserInterface,1,0.166666672,0,0,0,0,,,,
Developer,SoftwareDevelopment,1,5.14E-04,0,0,0,0,,,,
Database,VBA,3,2.54E-04,0,0,0,0,,,,
Analytics,Statistics,17,6.26E-04,0,0,1,0,,,,
Monitoring,JavaScript,3,3.45E-04,0,0,0,0,,,,
Excel,React,1,2.75E-04,0,0,0,0,,,,
SAS,MsAccess,1,6.83E-05,0,0,0,0,,,,
Marketing,Tools,7,6.44E-05,0,0,0,0,,,,
Finance,JavaScript,1,3.91E-06,0,0,0,0,,,,
R,DataWarehouse,3,1.92E-04,0,0,0,0,,,,
Analysis,MsAccess,3,2.11E-04,0,0,0,0,,,,
BusinessIntelligence,ReportingServices,1,0.001194743,0,0,0,0,,,,
CSS,HTML,3,0.200000003,0,0,0,0,,,,
SAS,Shell,1,3.42E-04,0,0,0,0,,,,
Excel,Unix,1,8.26E-04,0,0,0,0,,,,
BusinessIntelligence,VBA,7,7.51E-04,0,0,0,0,,,,
Statistics,Visio,1,7.17E-04,0,0,0,0,,,,
Analytic,Assurance,7,3.12E-05,0,0,0,0,,,,
Pentaho,BigData,2,0.002976191,0,0,0,0,,,,
Analyst,DataManagement,3,7.59E-06,0,0,0,0,,,,
Agile,SoftwareEngineering,1,0.003496503,0,0,0,0,,,,
MsOffice,Developer,1,3.22E-05,0,0,0,0,,,,
Marketing,Hadoop,2,5.41E-06,0,0,0,0,,,,
Agile,Windows,1,1.94E-04,0,0,0,0,,,,
R,MySQL,2,0.002298851,0,0,0,0,,,,
R,HTML,1,7.66E-05,0,0,0,0,,,,
SQL,WebAnalytics,9,9.97E-05,0,0,0,0,,,,
Statistics,Swift,2,0.014336918,0,0,0,0,,,,
Excel,Solaris,1,8.26E-04,0,0,0,0,,,,
SQL,Python,3,9.14E-05,0,0,0,0,,,,
Design,MachineLearning,2,1.05E-04,0,0,0,0,,,,
Analytics,MapReduce,2,4.03E-04,0,0,0,0,,,,
Assurance,Tableau,2,9.58E-05,0,0,0,0,,,,
Programming,Excel,12,6.26E-04,0,0,0,0,,,,
Analytics,RiskManagement,1,9.59E-07,0,0,0,0,,,,
ProjectManagement,Pentaho,1,3.65E-04,0,0,0,0,,,,
HTML,DataScience,1,0.011111111,0,0,0,0,,,,
Analytic,XML,3,2.96E-04,0,0,0,0,,,,
SAS,SSRS,2,1.52E-04,0,0,0,0,,,,
Analyst,GO,28,1.62E-04,0,0,0,0,,,,
Analytics,Hadoop,7,1.41E-04,0,0,0,0,,,,
Developer,PerformanceTesting,1,0.00462963,0,0,0,0,,,,
Analysis,SSRS,1,1.30E-05,0,0,0,0,,,,
Analyst,Oracle,4,1.21E-05,0,0,0,0,,,,
SQL,VBA,22,0.002267956,0,0,1,0,,,,
Analyst,Network,20,2.62E-05,0,0,0,0,,,,
Excel,StatisticalAnalysis,6,3.81E-04,0,0,0,0,,,,
C,SSRS,1,4.83E-04,0,0,0,0,,,,
Math,MATLAB,1,0.008333334,0,0,0,0,,,,
Reporting,Administrator,4,2.46E-05,0,0,0,0,,,,
SQL,ReportingServices,1,3.65E-04,0,0,0,0,,,,
Reporting,ETL,3,2.45E-05,0,0,0,0,,,,
Marketing,RiskManagement,6,1.62E-05,0,0,0,0,,,,
SQL,jQuery,4,4.87E-04,0,0,0,0,,,,
Unix,ARM,1,0.333333343,0,0,0,0,,,,
C,BusinessIntelligence,3,4.68E-05,0,0,0,0,,,,
R,DataVisualization,1,0.001149425,0,0,0,0,,,,
Design,SDK,1,3.96E-04,0,0,0,0,,,,
VBA,MsAccess,4,0.041025642,0,0,0,0,,,,
Marketing,DatabaseDesign,2,1.26E-04,0,0,0,0,,,,
Analysis,BusinessIntelligence,23,7.41E-05,0,0,0,0,,,,
Assurance,Administrator,1,1.27E-05,0,0,0,0,,,,
Development,Photoshop,1,1.37E-04,0,0,0,0,,,,
ProjectManagement,DataWarehouse,4,0.001299545,0,0,0,0,,,,
Analyst,Spring,1,4.64E-06,0,0,0,0,,,,
SAS,BusinessIntelligence,15,9.18E-05,0,0,0,0,,,,
Finance,DataManagement,1,4.26E-06,0,0,0,0,,,,
Reporting,CVS,1,5.23E-05,0,0,0,0,,,,
Analytic,Visualization,1,2.96E-04,0,0,0,0,,,,
MySQL,BigData,1,0.004464286,0,0,0,0,,,,
Statistics,Developer,1,4.98E-05,0,0,0,0,,,,
C,Database,1,9.56E-06,0,0,0,0,,,,
HTML,BigData,1,5.95E-04,0,0,0,0,,,,
Design,Java,3,3.96E-04,0,0,0,0,,,,
Excel,BusinessObjects,6,6.20E-04,0,0,0,0,,,,
Development,Automation,2,1.31E-05,0,0,0,0,,,,
Design,Math,3,5.93E-04,0,0,0,0,,,,
Analytics,DatabaseDesign,1,6.72E-05,0,0,0,0,,,,
SAS,Database,7,3.68E-05,0,0,0,0,,,,
Database,CustomerSupport,4,5.02E-04,0,0,0,0,,,,
Analytic,BusinessAnalytic,3,8.87E-04,0,0,0,0,,,,
Hadoop,Architect,1,3.17E-04,0,0,0,0,,,,
CRM,ProjectManagement,5,1.61E-04,0,0,0,0,,,,
SQL,SPSS,18,4.49E-04,3,2,0,0,,,,
Analyst,JavaScript,6,2.78E-05,0,0,0,0,,,,
Development,UX,1,1.37E-05,0,0,0,0,,,,
Analysis,Database,21,1.14E-04,0,0,0,0,,,,
MsOffice,Swift,2,0.009259259,0,0,0,0,,,,
Reporting,Tableau,8,1.86E-04,0,0,0,0,,,,
Analyst,UML,2,7.42E-05,0,0,0,0,,,,
SQL,Monitoring,17,1.94E-04,0,0,0,0,,,,
Analytics,PHP,3,4.53E-04,0,0,0,0,,,,
SQL,Finance,18,2.22E-05,0,0,0,0,,,,
Programming,Design,12,3.00E-04,4,1,0,0,,,,
Hive,Pig,1,0.5,0,0,0,0,,,,
Design,Solaris,1,3.96E-04,0,0,0,0,,,,
Statistics,RelationalDatabase,1,7.17E-04,0,0,0,0,,,,
Marketing,ProjectManagement,13,7.02E-05,0,0,0,0,,,,
SPSS,DataManagement,3,7.75E-04,0,0,0,0,,,,
HTML,ProductManagement,1,0.033333335,0,0,0,0,,,,
MySQL,ProductManagement,1,0.25,0,0,0,0,,,,
Marketing,PHP,3,2.13E-04,0,0,0,0,,,,
Statistics,DataVisualization,1,0.010752688,0,0,0,0,,,,
ProjectManagement,Visio,12,0.042105265,1,1,0,0,,,,
C,Network,1,7.67E-06,0,0,0,0,,,,
C,Oracle,3,7.99E-04,0,0,0,0,,,,
C,GO,2,9.66E-05,0,0,0,0,,,,
Analytic,Automation,1,7.04E-06,0,0,0,0,,,,
SQL,Hive,1,1.83E-04,0,0,0,0,,,,
CRM,DatabaseDesign,2,0.001960784,0,0,0,0,,,,
SAS,Oracle,6,2.51E-04,0,0,0,0,,,,
Tools,RelationalDatabase,1,9.26E-04,0,0,0,0,,,,
Analysis,GO,13,1.10E-04,0,0,0,0,,,,
Pentaho,Hadoop,1,0.001190476,0,0,0,0,,,,
Network,CustomerSupport,4,4.03E-04,0,0,0,0,,,,
StatisticalAnalysis,Design,7,2.48E-04,0,0,0,0,,,,
SAS,Network,1,6.02E-07,0,0,0,0,,,,
Analysis,Network,9,1.67E-05,0,0,0,0,,,,
Analytic,UX,1,2.96E-05,0,0,0,0,,,,
Analytics,ProjectManagement,9,7.16E-05,0,0,0,0,,,,
SAS,GO,10,1.90E-04,0,0,0,0,,,,
Analysis,Oracle,5,5.98E-05,0,0,0,0,,,,
Analyst,SSRS,2,1.65E-05,0,0,0,0,,,,
Analysis,Spring,1,1.46E-05,0,0,0,0,,,,
Analyst,BusinessIntelligence,20,1.77E-05,0,0,0,0,,,,
DataWarehouse,Hadoop,1,2.65E-04,0,0,0,0,,,,
Marketing,CSS,2,1.26E-04,0,0,0,0,,,,
Development,DataAnalysis,4,9.16E-05,0,0,0,0,,,,
SAS,Spring,1,4.27E-05,0,0,0,0,,,,
Reporting,OLAP,1,1.31E-04,0,0,0,0,,,,
SAS,DataMining,1,1.14E-04,0,0,0,0,,,,
SAS,JavaScript,4,1.14E-04,0,0,0,0,,,,
iPad,CSS,1,0.333333343,0,0,0,0,,,,
ProjectManagement,Architect,3,8.77E-04,0,0,0,0,,,,
Development,XML,3,1.37E-04,0,0,0,0,,,,
Statistics,MySQL,2,0.021505376,0,0,0,0,,,,
Analytic,Modeling,3,4.43E-05,0,0,0,0,,,,
Analyst,Database,32,8.35E-05,0,0,0,0,,,,
StatisticalAnalysis,MATLAB,3,0.005769231,0,0,0,0,,,,
Analysis,UML,2,2.34E-04,0,0,0,0,,,,
Analytics,CSS,2,2.69E-04,0,0,0,0,,,,
MsOffice,Security,4,0.00308642,0,0,0,0,,,,
Analyst,AgileProjectManagement,1,3.71E-05,0,0,0,0,,,,
Analysis,JavaScript,6,8.79E-05,0,0,0,0,,,,
Excel,Java,3,8.26E-04,0,0,0,0,,,,
Design,BusinessObjects,3,7.42E-05,0,0,0,0,,,,
Windows,Developer,1,1.29E-04,0,0,0,0,,,,
Pentaho,DatabaseDesign,1,0.027777778,0,0,0,0,,,,
Excel,Math,1,1.38E-04,0,0,0,0,,,,
R,Swift,2,0.001532567,0,0,0,0,,,,
Tools,JavaScript,3,0.002604167,0,0,0,0,,,,
Marketing,Finance,21,7.84E-06,0,0,0,0,,,,
Programming,Assurance,5,2.84E-04,0,0,0,0,,,,
Excel,Tableau,10,9.18E-04,0,0,0,0,,,,
Marketing,Monitoring,16,4.46E-05,0,0,0,0,,,,
Development,UI,1,1.37E-04,0,0,0,0,,,,
Analyst,UserInterface,2,7.42E-05,0,0,0,0,,,,
Pentaho,ReportingServices,1,0.083333336,0,0,0,0,,,,
Statistics,Spring,1,0.001344086,0,0,0,0,,,,
Analytics,Hive,2,4.03E-04,0,0,0,0,,,,
Database,Troubleshooting,1,0.002197802,0,0,0,0,,,,
Reporting,BusinessObjects,3,4.90E-05,0,0,0,0,,,,
GO,MsOffice,5,9.65E-04,0,0,0,0,,,,
BusinessIntelligence,BigData,2,4.27E-05,0,0,0,0,,,,
SPSS,CRM,7,2.73E-04,0,0,0,0,,,,
SQL,ProjectManagement,16,4.10E-04,0,0,0,0,,,,
MsOffice,Network,1,1.22E-05,0,0,0,0,,,,
SAS,HTML,1,2.28E-05,0,0,0,0,,,,
Analytics,Finance,14,7.41E-06,0,0,0,0,,,,
SAS,MySQL,1,1.71E-04,0,0,0,0,,,,
SQL,PHP,4,0.001461988,0,0,0,0,,,,
Analytics,Monitoring,8,2.37E-05,0,0,0,0,,,,
DataAnalysis,DataConversion,2,0.041666668,0,0,0,0,,,,
ComputerScience,Modeling,1,3.47E-04,0,0,0,0,,,,
Analysis,HTML,3,7.03E-05,0,0,0,0,,,,
Analysis,MySQL,2,2.34E-04,0,0,0,0,,,,
SPSS,DataWarehouse,4,0.001122335,0,0,0,0,,,,
Database,BigData,1,1.96E-05,0,0,0,0,,,,
Design,OLAP,1,1.98E-04,0,0,0,0,,,,
Analyst,Developer,12,2.47E-05,0,0,0,0,,,,
Visio,Finance,4,2.00E-04,0,0,0,0,,,,
Monitoring,Visio,4,0.001960784,0,0,0,0,,,,
Development,NoSQL,1,1.37E-04,0,0,0,0,,,,
DataAnalysis,UnitTesting,2,0.083333336,0,0,0,0,,,,
Analyst,SSIS,2,1.65E-05,0,0,0,0,,,,
SPSS,Pentaho,1,3.16E-04,0,0,0,0,,,,
C,Agile,1,3.04E-05,0,0,0,0,,,,
Analysis,Security,2,1.30E-05,0,0,0,0,,,,
Excel,ETL,4,1.38E-04,0,0,0,0,,,,
Analyst,Swift,3,1.11E-04,0,0,0,0,,,,
SQL,CSS,1,1.22E-04,0,0,0,0,,,,
CRM,VBA,3,1.70E-04,0,0,0,0,,,,
Excel,Administrator,5,1.22E-04,0,0,0,0,,,,
StatisticalAnalysis,Reporting,4,5.36E-05,0,0,0,0,,,,
SAS,RelationalDatabase,4,3.64E-04,0,0,0,0,,,,
Analytic,ARM,2,3.94E-04,0,0,0,0,,,,
Analysis,Agile,10,8.20E-05,0,0,0,0,,,,
Tools,Network,2,9.80E-05,0,0,0,0,,,,
Automation,Boost,1,0.023809524,0,0,0,0,,,,
Agile,CustomerSupport,4,0.001598402,0,0,0,0,,,,
Adobe,XML,3,0.01,0,0,0,0,,,,
Analysis,RelationalDatabase,5,1.95E-04,0,0,0,0,,,,
GO,Tools,3,6.94E-04,0,0,0,0,,,,
ApacheSpark,Hadoop,1,0.014285714,0,0,0,0,,,,
Database,R,2,1.01E-05,0,0,0,0,,,,
ProductManagement,JavaScript,1,0.010416667,0,0,0,0,,,,
Programming,EDI,4,0.004210526,0,0,0,0,,,,
VBA,DataWarehouse,3,0.002136752,0,0,0,0,,,,
Programming,Reporting,6,4.95E-05,0,0,0,0,,,,
Analysis,DataVisualization,1,1.17E-04,0,0,0,0,,,,
WebAnalytics,CRM,1,4.95E-06,0,0,0,0,,,,
DataManagement,Hadoop,1,3.25E-04,0,0,0,0,,,,
MapReduce,ApacheSpark,1,0.5,0,0,0,0,,,,
Statistics,Network,3,1.71E-04,0,0,0,0,,,,
BusinessIntelligence,R,7,6.73E-05,0,0,0,0,,,,
Excel,GIS,1,2.75E-04,0,0,0,0,,,,
Statistics,Oracle,3,0.001974984,0,0,0,0,,,,
Assurance,BusinessObjects,1,4.49E-05,0,0,0,0,,,,
Monitoring,Architect,3,3.68E-04,0,0,0,0,,,,
Statistics,GO,1,5.97E-05,0,0,0,0,,,,
Development,Waterfall,2,2.75E-04,0,0,0,0,,,,
ProjectManagement,MsAccess,1,8.77E-04,0,0,0,0,,,,
Finance,Architect,1,4.17E-06,0,0,0,0,,,,
CRM,Python,2,1.63E-04,0,0,0,0,,,,
SPSS,Architect,3,7.58E-04,0,0,0,0,,,,
Analytic,NoSQL,1,2.96E-04,0,0,0,0,,,,
Design,CVS,1,7.91E-05,0,0,0,0,,,,
Marketing,WebAnalytics,9,2.58E-05,0,0,0,0,,,,
Reporting,Math,1,4.36E-05,0,0,0,0,,,,
Analytics,VBA,8,1.65E-04,0,0,0,0,,,,
Reporting,Java,3,2.61E-04,0,0,0,0,,,,
SQL,Hadoop,5,1.31E-04,0,0,0,0,,,,
DataMining,BigData,1,0.002976191,0,0,0,0,,,,
Analytics,ReportingServices,1,2.01E-04,0,0,0,0,,,,
GO,R,4,1.02E-04,0,0,0,0,,,,
Network,ActiveDirectory,1,8.82E-04,0,0,0,0,,,,
Tableau,Cassandra,1,0.011111111,0,0,0,0,,,,
Analysis,UserInterface,2,2.34E-04,0,0,0,0,,,,
Development,ARM,2,1.83E-04,0,0,0,0,,,,
BusinessIntelligence,Statistics,5,3.21E-04,0,0,0,0,,,,
Design,Tableau,8,2.81E-04,0,0,0,0,,,,
Network,R,1,2.03E-06,0,0,0,0,,,,
Marketing,Python,3,2.37E-05,0,0,0,0,,,,
R,Oracle,3,2.11E-04,0,0,0,0,,,,
MapReduce,Pig,1,0.5,0,0,0,0,,,,
SAS,Developer,1,1.58E-06,0,0,0,0,,,,
BigData,JavaScript,1,1.86E-04,0,0,0,0,,,,
WebAnalytics,Analytics,10,6.78E-05,7,1,0,0,,,,
Analysis,Developer,6,1.95E-05,0,0,0,0,,,,
Marketing,VBA,9,9.83E-05,0,0,0,0,,,,
Hadoop,Pig,1,0.014285714,0,0,0,0,,,,
Statistics,AgileProjectManagement,1,0.010752688,0,0,0,0,,,,
C,Developer,3,1.81E-04,0,0,0,0,,,,
Statistics,Database,3,2.13E-04,0,0,0,0,,,,
SQL,RiskManagement,5,4.35E-05,0,0,0,0,,,,
Finance,Pentaho,4,2.50E-04,0,0,0,0,,,,
UML,SoftwareEngineering,1,0.25,0,0,0,0,,,,
Analyst,MySQL,2,7.42E-05,0,0,0,0,,,,
Analyst,HTML,5,6.18E-05,0,0,0,0,,,,
SQL,MapReduce,2,7.31E-04,0,0,0,0,,,,
BusinessIntelligence,Tools,3,1.49E-04,0,0,0,0,,,,
Analytics,Python,3,5.04E-05,0,0,0,0,,,,
Analytic,UI,1,2.96E-04,0,0,0,0,,,,
Adobe,UX,1,0.001,0,0,0,0,,,,
GO,Troubleshooting,1,0.005555556,0,0,0,0,,,,
Marketing,jQuery,4,1.26E-04,0,0,0,0,,,,
Analyst,Agile,13,4.39E-05,0,0,0,0,,,,
Tableau,MATLAB,4,0.008888889,0,0,0,0,,,,
Analyst,RelationalDatabase,2,9.89E-06,0,0,0,0,,,,
SQL,DatabaseDesign,2,4.87E-04,0,0,0,0,,,,
Monitoring,DataWarehouse,4,5.45E-04,0,0,0,0,,,,
R,JavaScript,4,3.83E-04,0,0,0,0,,,,
Finance,DataWarehouse,1,3.47E-06,0,0,0,0,,,,
SharePoint,CVS,1,0.0025,0,0,0,0,,,,
Adobe,Automation,1,2.38E-04,0,0,0,0,,,,
Analysis,SSIS,1,1.30E-05,0,0,0,0,,,,
Design,ETL,3,3.71E-05,0,0,0,0,,,,
VBA,Architect,3,0.002564103,0,0,0,0,,,,
SAS,Swift,2,4.55E-04,0,0,0,0,,,,
Design,Administrator,4,3.72E-05,0,0,0,0,,,,
Database,MsOffice,2,6.11E-05,0,0,0,0,,,,
Analysis,Swift,3,3.52E-04,0,0,0,0,,,,
Development,Prototype,1,6.87E-05,0,0,0,0,,,,
Analyst,Security,6,3.71E-05,0,0,0,0,,,,
SAS,SSIS,3,3.42E-04,0,0,0,0,,,,
SPSS,Analytics,19,2.75E-04,0,0,0,0,,,,
RiskManagement,MsAccess,1,9.52E-04,0,0,0,0,,,,
BusinessIntelligence,ProductManagement,1,5.97E-04,0,0,0,0,,,,
CRM,Finance,3,2.48E-06,0,0,0,0,,,,
DataScience,JavaScript,1,0.003472222,0,0,0,0,,,,
Monitoring,CRM,4,4.33E-05,0,0,0,0,,,,
Analytics,jQuery,4,2.69E-04,0,0,0,0,,,,
Windows,Network,2,1.96E-04,0,0,0,0,,,,
Assurance,Math,2,0.001436782,0,0,0,0,,,,
Adobe,Photoshop,1,0.01,0,0,0,0,,,,
Design,GIS,1,1.32E-04,0,0,0,0,,,,
GO,Windows,1,1.54E-04,0,0,0,0,,,,
Network,BigData,1,1.57E-05,0,0,0,0,,,,
GO,C++,1,4.63E-04,0,0,0,0,,,,
BusinessIntelligence,MsOffice,1,8.30E-06,0,0,0,0,,,,
Hardware,API,1,0.00462963,0,0,0,0,,,,
Oracle,BigData,1,1.82E-04,0,0,0,0,,,,
ProjectManagement,DataManagement,1,9.97E-05,0,0,0,0,,,,
Marketing,SPSS,18,1.16E-04,0,0,0,0,,,,
Analyst,DataVisualization,1,3.71E-05,0,0,0,0,,,,
Cloud,API,1,0.005291005,0,0,0,0,,,,
